2026-09-10 15:22:26,977:INFO:JSON güncellendi: 'json_data/TUR_VIIRS_NOAA21_NRT.json'
2026-09-10 15:22:27,404:INFO:API yanıtı: 200, latitude,longitude,bright_ti4,scan,track,acq_date,acq_time,satellite,instrument,confidence,version,b
2026-09-10 15:22:27,662:INFO:CSV güncellendi: 'csv_data/TUR_VIIRS_SNPP_NRT.csv'
2026-09-10 15:22:27,663:INFO:JSON güncellendi: 'json_data/TUR_VIIRS_SNPP_NRT.json'
2026-09-10 15:22:27,674:INFO:SQLite güncellendi: 'sqlite_data/TUR_fire_data.db'
2026-09-10 15:22:28,163:INFO:'./available_satellites.txt' kaydedildi.
2026-09-10 18:46:12,347:INFO:API yanıtı: 200, latitude,longitude,bright_ti4,scan,track,acq_date,acq_time,satellite,instrument,confidence,version,b
2026-09-10 18:46:12,667:INFO:CSV güncellendi: 'csv_data/TUR_VIIRS_NOAA20_NRT.csv'
2026-09-10 18:46:12,668:INFO:JSON güncellendi: 'json_data/TUR_VIIRS_NOAA20_NRT.json'
2026-09-10 18:46:12,855:INFO:API yanıtı: 200, latitude,longitude,bright_ti4,scan,track,acq_date,acq_time,satellite,instrument,confidence,version,b
2026-09-10 18:46:13,147:INFO:CSV güncellendi: 'csv_data/TUR_VIIRS_NOAA21_NRT.csv'
2026-09-10 18:46:13,148:INFO:JSON güncellendi: 'json_data/TUR_VIIRS_NOAA21_NRT.json'
2026-09-10 18:46:13,321:INFO:API yanıtı: 200, latitude,longitude,bright_ti4,scan,track,acq_date,acq_time,satellite,instrument,confidence,version,b
2026-09-10 18:46:13,606:INFO:CSV güncellendi: 'csv_data/TUR_VIIRS_SNPP_NRT.csv'
2026-09-10 18:46:13,607:INFO:JSON güncellendi: 'json_data/TUR_VIIRS_SNPP_NRT.json'
2026-09-10 18:46:13,619:INFO:SQLite güncellendi: 'sqlite_data/TUR_fire_data.db'
2026-09-10 18:46:13,877:INFO:'./available_satellites.txt' zaten güncel.
2026-09-10 22:01:36,222:INFO:API yanıtı: 200, latitude,longitude,bright_ti4,scan,track,acq_date,acq_time,satellite,instrument,confidence,version,b
2026-09-10 22:01:36,517:INFO:CSV güncellendi: 'csv_data/TUR_VIIRS_NOAA20_NRT.csv'
2026-09-10 22:01:36,518:INFO:JSON güncellendi: 'json_data/TUR_VIIRS_NOAA20_NRT.json'
2026-09-10 22:01:36,704:INFO:API yanıtı: 200, latitude,longitude,bright_ti4,scan,track,acq_date,acq_time,satellite,instrument,confidence,version,b
2026-09-10 22:01:36,980:INFO:CSV güncellendi: 'csv_data/TUR_VIIRS_NOAA21_NRT.csv'
2026-09-10 22:01:36,981:INFO:JSON güncellendi: 'json_data/TUR_VIIRS_NOAA21_NRT.json'
2026-09-10 22:01:37,150:INFO:API yanıtı: 200, latitude,longitude,bright_ti4,scan,track,acq_date,acq_time,satellite,instrument,confidence,version,b
2026-09-10 22:01:37,420:INFO:CSV güncellendi: 'csv_data/TUR_VIIRS_SNPP_NRT.csv'
2026-09-10 22:01:37,422:INFO:JSON güncellendi: 'json_data/TUR_VIIRS_SNPP_NRT.json'
2026-09-10 22:01:37,434:INFO:SQLite güncellendi: 'sqlite_data/TUR_fire_data.db'
2026-09-10 22:01:37,773:INFO:'./available_satellites.txt' zaten güncel.
2026-09-11 01:47:52,348:INFO:API yanıtı: 200, latitude,longitude,bright_ti4,scan,track,acq_date,acq_time,satellite,instrument,confidence,version,b
2026-09-11 01:47:52,672:INFO:CSV güncellendi: 'csv_data/TUR_VIIRS_NOAA20_NRT.csv'
2026-09-11 01:47:52,672:INFO:JSON güncellendi: 'json_data/TUR_VIIRS_NOAA20_NRT.json'
2026-09-11 01:47:52,874:INFO:API yanıtı: 200, latitude,longitude,bright_ti4,scan,track,acq_date,acq_time,satellite,instrument,confidence,version,b
2026-09-11 01:47:53,153:INFO:CSV güncellendi: 'csv_data/TUR_VIIRS_NOAA21_NRT.csv'
2026-09-11 01:47:53,154:INFO:JSON güncellendi: 'json_data/TUR_VIIRS_NOAA21_NRT.json'
2026-09-11 01:47:53,321:INFO:API yanıtı: 200, latitude,longitude,bright_ti4,scan,track,acq_date,acq_time,satellite,instrument,confidence,version,b
2026-09-11 01:47:53,600:INFO:CSV güncellendi: 'csv_data/TUR_VIIRS_SNPP_NRT.csv'
2026-09-11 01:47:53,601:INFO:JSON güncellendi: 'json_data/TUR_VIIRS_SNPP_NRT.json'
2026-09-11 01:47:53,608:INFO:SQLite güncellendi: 'sqlite_data/TUR_fire_data.db'
2026-09-11 01:47:53,852:INFO:'./available_satellites.txt' kaydedildi.
2026-09-11 08:22:09,310:INFO:API yanıtı: 200, latitude,longitude,bright_ti4,scan,track,acq_date,acq_time,satellite,instrument,confidence,version,b
2026-09-11 08:22:09,619:INFO:CSV güncellendi: 'csv_data/TUR_VIIRS_NOAA20_NRT.csv'
2026-09-11 08:22:09,620:INFO:JSON güncellendi: 'json_data/TUR_VIIRS_NOAA20_NRT.json'
2026-09-11 08:22:09,899:INFO:API yanıtı: 200, latitude,longitude,bright_ti4,scan,track,acq_date,acq_time,satellite,instrument,confidence,version,b
2026-09-11 08:22:10,223:INFO:CSV güncellendi: 'csv_data/TUR_VIIRS_NOAA21_NRT.csv'
2026-09-11 08:22:10,224:INFO:JSON güncellendi: 'json_data/TUR_VIIRS_NOAA21_NRT.json'
2026-09-11 08:22:10,553:INFO:API yanıtı: 200, latitude,longitude,bright_ti4,scan,track,acq_date,acq_time,satellite,instrument,confidence,version,b
2026-09-11 08:22:10,813:INFO:CSV güncellendi: 'csv_data/TUR_VIIRS_SNPP_NRT.csv'
2026-09-11 08:22:10,814:INFO:JSON güncellendi: 'json_data/TUR_VIIRS_SNPP_NRT.json'
2026-09-11 08:22:10,823:INFO:SQLite güncellendi: 'sqlite_data/TUR_fire_data.db'
2026-09-11 08:22:11,107:INFO:'./available_satellites.txt' kaydedildi.
2026-09-11 15:23:54,027:INFO:API yanıtı: 200, latitude,longitude,bright_ti4,scan,track,acq_date,acq_time,satellite,instrument,confidence,version,b
2026-09-11 15:23:54,364:INFO:CSV güncellendi: 'csv_data/TUR_VIIRS_NOAA20_NRT.csv'
2026-09-11 15:23:54,366:INFO:JSON güncellendi: 'json_data/TUR_VIIRS_NOAA20_NRT.json'
2026-09-11 15:23:54,548:INFO:API yanıtı: 200, latitude,longitude,bright_ti4,scan,track,acq_date,acq_time,satellite,instrument,confidence,version,b
2026-09-11 15:23:54,857:INFO:CSV güncellendi: 'csv_data/TUR_VIIRS_NOAA21_NRT.csv'
2026-09-11 15:23:54,858:INFO:JSON güncellendi: 'json_data/TUR_VIIRS_NOAA21_NRT.json'
2026-09-11 15:23:55,067:INFO:API yanıtı: 200, latitude,longitude,bright_ti4,scan,track,acq_date,acq_time,satellite,instrument,confidence,version,b
2026-09-11 15:23:55,367:INFO:CSV güncellendi: 'csv_data/TUR_VIIRS_SNPP_NRT.csv'
2026-09-11 15:23:55,369:INFO:JSON güncellendi: 'json_data/TUR_VIIRS_SNPP_NRT.json'
2026-09-11 15:23:55,379:INFO:SQLite güncellendi: 'sqlite_data/TUR_fire_data.db'
2026-09-11 15:23:55,676:INFO:'./available_satellites.txt' zaten güncel.
2026-09-11 18:49:12,935:INFO:API yanıtı: 200, latitude,longitude,bright_ti4,scan,track,acq_date,acq_time,satellite,instrument,confidence,version,b
2026-09-11 18:49:13,232:INFO:CSV güncellendi: 'csv_data/TUR_VIIRS_NOAA20_NRT.csv'
2026-09-11 18:49:13,233:INFO:JSON güncellendi: 'json_data/TUR_VIIRS_NOAA20_NRT.json'
2026-09-11 18:49:13,389:INFO:API yanıtı: 200, latitude,longitude,bright_ti4,scan,track,acq_date,acq_time,satellite,instrument,confidence,version,b
2026-09-11 18:49:13,665:INFO:CSV güncellendi: 'csv_data/TUR_VIIRS_NOAA21_NRT.csv'
2026-09-11 18:49:13,666:INFO:JSON güncellendi: 'json_data/TUR_VIIRS_NOAA21_NRT.json'
2026-09-11 18:49:13,795:INFO:API yanıtı: 200, latitude,longitude,bright_ti4,scan,track,acq_date,acq_time,satellite,instrument,confidence,version,b
2026-09-11 18:49:14,061:INFO:CSV güncellendi: 'csv_data/TUR_VIIRS_SNPP_NRT.csv'
2026-09-11 18:49:14,062:INFO:JSON güncellendi: 'json_data/TUR_VIIRS_SNPP_NRT.json'
2026-09-11 18:49:14,072:INFO:SQLite güncellendi: 'sqlite_data/TUR_fire_data.db'
2026-09-11 18:49:14,293:INFO:'./available_satellites.txt' zaten güncel.
2026-09-11 22:04:07,550:INFO:API yanıtı: 200, latitude,longitude,bright_ti4,scan,track,acq_date,acq_time,satellite,instrument,confidence,version,b
2026-09-11 22:04:07,845:INFO:CSV güncellendi: 'csv_data/TUR_VIIRS_NOAA20_NRT.csv'
2026-09-11 22:04:07,846:INFO:JSON güncellendi: 'json_data/TUR_VIIRS_NOAA20_NRT.json'
2026-09-11 22:04:08,083:INFO:API yanıtı: 200, latitude,longitude,bright_ti4,scan,track,acq_date,acq_time,satellite,instrument,confidence,version,b
2026-09-11 22:04:08,361:INFO:CSV güncellendi: 'csv_data/TUR_VIIRS_NOAA21_NRT.csv'
2026-09-11 22:04:08,362:INFO:JSON güncellendi: 'json_data/TUR_VIIRS_NOAA21_NRT.json'
2026-09-11 22:04:08,637:INFO:API yanıtı: 200, latitude,longitude,bright_ti4,scan,track,acq_date,acq_time,satellite,instrument,confidence,version,b
2026-09-11 22:04:08,906:INFO:CSV güncellendi: 'csv_data/TUR_VIIRS_SNPP_NRT.csv'
2026-09-11 22:04:08,907:INFO:JSON güncellendi: 'json_data/TUR_VIIRS_SNPP_NRT.json'
2026-09-11 22:04:08,936:INFO:SQLite güncellendi: 'sqlite_data/TUR_fire_data.db'
2026-09-11 22:04:09,291:INFO:'./available_satellites.txt' zaten güncel.
2026-09-12 01:53:27,116:INFO:API yanıtı: 200, latitude,longitude,bright_ti4,scan,track,acq_date,acq_time,satellite,instrument,confidence,version,b
2026-09-12 01:53:27,340:INFO:CSV güncellendi: 'csv_data/TUR_VIIRS_NOAA20_NRT.csv'
2026-09-12 01:53:27,340:INFO:JSON güncellendi: 'json_data/TUR_VIIRS_NOAA20_NRT.json'
2026-09-12 01:53:27,599:INFO:API yanıtı: 200, latitude,longitude,bright_ti4,scan,track,acq_date,acq_time,satellite,instrument,confidence,version,b
2026-09-12 01:53:27,798:INFO:CSV güncellendi: 'csv_data/TUR_VIIRS_NOAA21_NRT.csv'
2026-09-12 01:53:27,798:INFO:JSON güncellendi: 'json_data/TUR_VIIRS_NOAA21_NRT.json'
2026-09-12 01:53:28,029:INFO:API yanıtı: 200, latitude,longitude,bright_ti4,scan,track,acq_date,acq_time,satellite,instrument,confidence,version,b
2026-09-12 01:53:28,225:INFO:CSV güncellendi: 'csv_data/TUR_VIIRS_SNPP_NRT.csv'
2026-09-12 01:53:28,226:INFO:JSON güncellendi: 'json_data/TUR_VIIRS_SNPP_NRT.json'
2026-09-12 01:53:28,255:INFO:SQLite güncellendi: 'sqlite_data/TUR_fire_data.db'
2026-09-12 01:53:28,562:INFO:'./available_satellites.txt' kaydedildi.
2026-09-12 08:10:56,058:INFO:API yanıtı: 200, latitude,longitude,bright_ti4,scan,track,acq_date,acq_time,satellite,instrument,confidence,version,b
2026-09-12 08:10:56,332:INFO:CSV güncellendi: 'csv_data/TUR_VIIRS_NOAA20_NRT.csv'
2026-09-12 08:10:56,333:INFO:JSON güncellendi: 'json_data/TUR_VIIRS_NOAA20_NRT.json'
2026-09-12 08:10:56,620:INFO:API yanıtı: 200, latitude,longitude,bright_ti4,scan,track,acq_date,acq_time,satellite,instrument,confidence,version,b
2026-09-12 08:10:56,861:INFO:CSV güncellendi: 'csv_data/TUR_VIIRS_NOAA21_NRT.csv'
2026-09-12 08:10:56,861:INFO:JSON güncellendi: 'json_data/TUR_VIIRS_NOAA21_NRT.json'
2026-09-12 08:10:57,187:INFO:API yanıtı: 200, latitude,longitude,bright_ti4,scan,track,acq_date,acq_time,satellite,instrument,confidence,version,b
2026-09-12 08:10:57,427:INFO:CSV güncellendi: 'csv_data/TUR_VIIRS_SNPP_NRT.csv'
2026-09-12 08:10:57,427:INFO:JSON güncellendi: 'json_data/TUR_VIIRS_SNPP_NRT.json'
2026-09-12 08:10:57,437:INFO:SQLite güncellendi: 'sqlite_data/TUR_fire_data.db'
2026-09-12 08:10:57,793:INFO:'./available_satellites.txt' kaydedildi.
2026-09-12 14:31:41,375:INFO:API yanıtı: 200, latitude,longitude,bright_ti4,scan,track,acq_date,acq_time,satellite,instrument,confidence,version,b
2026-09-12 14:31:41,655:INFO:CSV güncellendi: 'csv_data/TUR_VIIRS_NOAA20_NRT.csv'
2026-09-12 14:31:41,656:INFO:JSON güncellendi: 'json_data/TUR_VIIRS_NOAA20_NRT.json'
2026-09-12 14:31:42,052:INFO:API yanıtı: 200, latitude,longitude,bright_ti4,scan,track,acq_date,acq_time,satellite,instrument,confidence,version,b
2026-09-12 14:31:42,311:INFO:CSV güncellendi: 'csv_data/TUR_VIIRS_NOAA21_NRT.csv'
2026-09-12 14:31:42,312:INFO:JSON güncellendi: 'json_data/TUR_VIIRS_NOAA21_NRT.json'
2026-09-12 14:31:42,669:INFO:API yanıtı: 200, latitude,longitude,bright_ti4,scan,track,acq_date,acq_time,satellite,instrument,confidence,version,b
2026-09-12 14:31:42,920:INFO:CSV güncellendi: 'csv_data/TUR_VIIRS_SNPP_NRT.csv'
2026-09-12 14:31:42,922:INFO:JSON güncellendi: 'json_data/TUR_VIIRS_SNPP_NRT.json'
2026-09-12 14:31:42,931:INFO:SQLite güncellendi: 'sqlite_data/TUR_fire_data.db'
2026-09-12 14:31:43,374:INFO:'./available_satellites.txt' kaydedildi.
2026-09-12 17:56:34,264:INFO:API yanıtı: 200, latitude,longitude,bright_ti4,scan,track,acq_date,acq_time,satellite,instrument,confidence,version,b
2026-09-12 17:56:34,594:INFO:CSV güncellendi: 'csv_data/TUR_VIIRS_NOAA20_NRT.csv'
2026-09-12 17:56:34,596:INFO:JSON güncellendi: 'json_data/TUR_VIIRS_NOAA20_NRT.json'
2026-09-12 17:56:34,737:INFO:API yanıtı: 200, latitude,longitude,bright_ti4,scan,track,acq_date,acq_time,satellite,instrument,confidence,version,b
2026-09-12 17:56:35,037:INFO:CSV güncellendi: 'csv_data/TUR_VIIRS_NOAA21_NRT.csv'
2026-09-12 17:56:35,038:INFO:JSON güncellendi: 'json_data/TUR_VIIRS_NOAA21_NRT.json'
2026-09-12 17:56:35,191:INFO:API yanıtı: 200, latitude,longitude,bright_ti4,scan,track,acq_date,acq_time,satellite,instrument,confidence,version,b
2026-09-12 17:56:35,490:INFO:CSV güncellendi: 'csv_data/TUR_VIIRS_SNPP_NRT.csv'
2026-09-12 17:56:35,491:INFO:JSON güncellendi: 'json_data/TUR_VIIRS_SNPP_NRT.json'
2026-09-12 17:56:35,500:INFO:SQLite güncellendi: 'sqlite_data/TUR_fire_data.db'
2026-09-12 17:56:35,765:INFO:'./available_satellites.txt' kaydedildi.
2026-09-12 21:46:22,897:INFO:API yanıtı: 200, latitude,longitude,bright_ti4,scan,track,acq_date,acq_time,satellite,instrument,confidence,version,b
2026-09-12 21:46:23,123:INFO:CSV güncellendi: 'csv_data/TUR_VIIRS_NOAA20_NRT.csv'
2026-09-12 21:46:23,124:INFO:JSON güncellendi: 'json_data/TUR_VIIRS_NOAA20_NRT.json'
2026-09-12 21:46:23,349:INFO:API yanıtı: 200, latitude,longitude,bright_ti4,scan,track,acq_date,acq_time,satellite,instrument,confidence,version,b
2026-09-12 21:46:23,588:INFO:CSV güncellendi: 'csv_data/TUR_VIIRS_NOAA21_NRT.csv'
2026-09-12 21:46:23,644:INFO:JSON güncellendi: 'json_data/TUR_VIIRS_NOAA21_NRT.json'
2026-09-12 21:46:23,894:INFO:API yanıtı: 200, latitude,longitude,bright_ti4,scan,track,acq_date,acq_time,satellite,instrument,confidence,version,b
2026-09-12 21:46:24,089:INFO:CSV güncellendi: 'csv_data/TUR_VIIRS_SNPP_NRT.csv'
2026-09-12 21:46:24,090:INFO:JSON güncellendi: 'json_data/TUR_VIIRS_SNPP_NRT.json'
2026-09-12 21:46:24,137:INFO:SQLite güncellendi: 'sqlite_data/TUR_fire_data.db'
2026-09-12 21:46:24,614:INFO:'./available_satellites.txt' zaten güncel.
2026-09-13 01:45:26,019:INFO:API yanıtı: 200, latitude,longitude,bright_ti4,scan,track,acq_date,acq_time,satellite,instrument,confidence,version,b
2026-09-13 01:45:26,322:INFO:CSV güncellendi: 'csv_data/TUR_VIIRS_NOAA20_NRT.csv'
2026-09-13 01:45:26,322:INFO:JSON güncellendi: 'json_data/TUR_VIIRS_NOAA20_NRT.json'
2026-09-13 01:45:26,682:INFO:API yanıtı: 200, latitude,longitude,bright_ti4,scan,track,acq_date,acq_time,satellite,instrument,confidence,version,b
2026-09-13 01:45:26,942:INFO:CSV güncellendi: 'csv_data/TUR_VIIRS_NOAA21_NRT.csv'
2026-09-13 01:45:26,942:INFO:JSON güncellendi: 'json_data/TUR_VIIRS_NOAA21_NRT.json'
2026-09-13 01:45:27,309:INFO:API yanıtı: 200, latitude,longitude,bright_ti4,scan,track,acq_date,acq_time,satellite,instrument,confidence,version,b
2026-09-13 01:45:27,571:INFO:CSV güncellendi: 'csv_data/TUR_VIIRS_SNPP_NRT.csv'
2026-09-13 01:45:27,571:INFO:JSON güncellendi: 'json_data/TUR_VIIRS_SNPP_NRT.json'
2026-09-13 01:45:27,580:INFO:SQLite güncellendi: 'sqlite_data/TUR_fire_data.db'
2026-09-13 01:45:28,043:INFO:'./available_satellites.txt' kaydedildi.
2026-09-13 08:35:27,000:INFO:API yanıtı: 200, latitude,longitude,bright_ti4,scan,track,acq_date,acq_time,satellite,instrument,confidence,version,b
2026-09-13 08:35:27,325:INFO:CSV güncellendi: 'csv_data/TUR_VIIRS_NOAA20_NRT.csv'
2026-09-13 08:35:27,326:INFO:JSON güncellendi: 'json_data/TUR_VIIRS_NOAA20_NRT.json'
2026-09-13 08:35:27,499:INFO:API yanıtı: 200, latitude,longitude,bright_ti4,scan,track,acq_date,acq_time,satellite,instrument,confidence,version,b
2026-09-13 08:35:27,783:INFO:CSV güncellendi: 'csv_data/TUR_VIIRS_NOAA21_NRT.csv'
2026-09-13 08:35:27,784:INFO:JSON güncellendi: 'json_data/TUR_VIIRS_NOAA21_NRT.json'
2026-09-13 08:35:27,957:INFO:API yanıtı: 200, latitude,longitude,bright_ti4,scan,track,acq_date,acq_time,satellite,instrument,confidence,version,b
2026-09-13 08:35:28,241:INFO:CSV güncellendi: 'csv_data/TUR_VIIRS_SNPP_NRT.csv'
2026-09-13 08:35:28,241:INFO:JSON güncellendi: 'json_data/TUR_VIIRS_SNPP_NRT.json'
2026-09-13 08:35:28,250:INFO:SQLite güncellendi: 'sqlite_data/TUR_fire_data.db'
2026-09-13 08:35:28,453:INFO:'./available_satellites.txt' kaydedildi.
2026-09-13 15:12:01,815:INFO:API yanıtı: 200, latitude,longitude,bright_ti4,scan,track,acq_date,acq_time,satellite,instrument,confidence,version,b
2026-09-13 15:12:02,129:INFO:CSV güncellendi: 'csv_data/TUR_VIIRS_NOAA20_NRT.csv'
2026-09-13 15:12:02,131:INFO:JSON güncellendi: 'json_data/TUR_VIIRS_NOAA20_NRT.json'
2026-09-13 15:12:02,449:INFO:API yanıtı: 200, latitude,longitude,bright_ti4,scan,track,acq_date,acq_time,satellite,instrument,confidence,version,b
2026-09-13 15:12:02,728:INFO:CSV güncellendi: 'csv_data/TUR_VIIRS_NOAA21_NRT.csv'
2026-09-13 15:12:02,730:INFO:JSON güncellendi: 'json_data/TUR_VIIRS_NOAA21_NRT.json'
2026-09-13 15:12:03,075:INFO:API yanıtı: 200, latitude,longitude,bright_ti4,scan,track,acq_date,acq_time,satellite,instrument,confidence,version,b
2026-09-13 15:12:03,386:INFO:CSV güncellendi: 'csv_data/TUR_VIIRS_SNPP_NRT.csv'
2026-09-13 15:12:03,387:INFO:JSON güncellendi: 'json_data/TUR_VIIRS_SNPP_NRT.json'
2026-09-13 15:12:03,397:INFO:SQLite güncellendi: 'sqlite_data/TUR_fire_data.db'
2026-09-13 15:12:03,824:INFO:'./available_satellites.txt' zaten güncel.
2026-09-13 18:23:26,066:INFO:API yanıtı: 200, latitude,longitude,bright_ti4,scan,track,acq_date,acq_time,satellite,instrument,confidence,version,b
2026-09-13 18:23:26,379:INFO:CSV güncellendi: 'csv_data/TUR_VIIRS_NOAA20_NRT.csv'
2026-09-13 18:23:26,381:INFO:JSON güncellendi: 'json_data/TUR_VIIRS_NOAA20_NRT.json'
2026-09-13 18:23:26,825:INFO:API yanıtı: 200, latitude,longitude,bright_ti4,scan,track,acq_date,acq_time,satellite,instrument,confidence,version,b
2026-09-13 18:23:27,116:INFO:CSV güncellendi: 'csv_data/TUR_VIIRS_NOAA21_NRT.csv'
2026-09-13 18:23:27,117:INFO:JSON güncellendi: 'json_data/TUR_VIIRS_NOAA21_NRT.json'
2026-09-13 18:23:27,564:INFO:API yanıtı: 200, latitude,longitude,bright_ti4,scan,track,acq_date,acq_time,satellite,instrument,confidence,version,b
2026-09-13 18:23:27,845:INFO:CSV güncellendi: 'csv_data/TUR_VIIRS_SNPP_NRT.csv'
2026-09-13 18:23:27,846:INFO:JSON güncellendi: 'json_data/TUR_VIIRS_SNPP_NRT.json'
2026-09-13 18:23:27,856:INFO:SQLite güncellendi: 'sqlite_data/TUR_fire_data.db'
2026-09-13 18:23:28,297:INFO:'./available_satellites.txt' zaten güncel.
2026-09-13 21:55:03,813:ERROR:API isteği sırasında hata oluştu: HTTPSConnectionPool(host='firms.modaps.eosdis.nasa.gov', port=443): Max retries exceeded with url: /api/area/csv/d3471212f78bca8120b070459b9ab3c5/VIIRS_NOAA20_NRT/25.6,35.8,44.8,42.1/1 (Caused by NewConnectionError("HTTPSConnection(host='firms.modaps.eosdis.nasa.gov', port=443): Failed to establish a new connection: [Errno 101] Network is unreachable"))
2026-09-13 21:57:18,981:ERROR:API isteği sırasında hata oluştu: HTTPSConnectionPool(host='firms.modaps.eosdis.nasa.gov', port=443): Max retries exceeded with url: /api/area/csv/d3471212f78bca8120b070459b9ab3c5/VIIRS_NOAA21_NRT/25.6,35.8,44.8,42.1/1 (Caused by NewConnectionError("HTTPSConnection(host='firms.modaps.eosdis.nasa.gov', port=443): Failed to establish a new connection: [Errno 101] Network is unreachable"))
2026-09-13 21:59:34,149:ERROR:API isteği sırasında hata oluştu: HTTPSConnectionPool(host='firms.modaps.eosdis.nasa.gov', port=443): Max retries exceeded with url: /api/area/csv/d3471212f78bca8120b070459b9ab3c5/VIIRS_SNPP_NRT/25.6,35.8,44.8,42.1/1 (Caused by NewConnectionError("HTTPSConnection(host='firms.modaps.eosdis.nasa.gov', port=443): Failed to establish a new connection: [Errno 101] Network is unreachable"))
2026-09-13 22:01:49,317:ERROR:API isteği sırasında hata oluştu: HTTPSConnectionPool(host='firms.modaps.eosdis.nasa.gov', port=443): Max retries exceeded with url: /api/data_availability/csv/d3471212f78bca8120b070459b9ab3c5/ALL (Caused by NewConnectionError("HTTPSConnection(host='firms.modaps.eosdis.nasa.gov', port=443): Failed to establish a new connection: [Errno 101] Network is unreachable"))
2026-09-14 02:05:36,506:ERROR:API isteği sırasında hata oluştu: HTTPSConnectionPool(host='firms.modaps.eosdis.nasa.gov', port=443): Max retries exceeded with url: /api/area/csv/da46d0f13604b300ee14e97a4513b37a/VIIRS_NOAA20_NRT/25.6,35.8,44.8,42.1/1 (Caused by NewConnectionError("HTTPSConnection(host='firms.modaps.eosdis.nasa.gov', port=443): Failed to establish a new connection: [Errno 101] Network is unreachable"))
2026-09-14 02:07:51,674:ERROR:API isteği sırasında hata oluştu: HTTPSConnectionPool(host='firms.modaps.eosdis.nasa.gov', port=443): Max retries exceeded with url: /api/area/csv/da46d0f13604b300ee14e97a4513b37a/VIIRS_NOAA21_NRT/25.6,35.8,44.8,42.1/1 (Caused by NewConnectionError("HTTPSConnection(host='firms.modaps.eosdis.nasa.gov', port=443): Failed to establish a new connection: [Errno 101] Network is unreachable"))
2026-09-14 02:10:06,842:ERROR:API isteği sırasında hata oluştu: HTTPSConnectionPool(host='firms.modaps.eosdis.nasa.gov', port=443): Max retries exceeded with url: /api/area/csv/da46d0f13604b300ee14e97a4513b37a/VIIRS_SNPP_NRT/25.6,35.8,44.8,42.1/1 (Caused by NewConnectionError("HTTPSConnection(host='firms.modaps.eosdis.nasa.gov', port=443): Failed to establish a new connection: [Errno 101] Network is unreachable"))
2026-09-14 02:12:22,010:ERROR:API isteği sırasında hata oluştu: HTTPSConnectionPool(host='firms.modaps.eosdis.nasa.gov', port=443): Max retries exceeded with url: /api/data_availability/csv/da46d0f13604b300ee14e97a4513b37a/ALL (Caused by NewConnectionError("HTTPSConnection(host='firms.modaps.eosdis.nasa.gov', port=443): Failed to establish a new connection: [Errno 101] Network is unreachable"))
2026-09-14 09:19:30,195:INFO:API yanıtı: 200, latitude,longitude,bright_ti4,scan,track,acq_date,acq_time,satellite,instrument,confidence,version,b
2026-09-14 09:19:30,495:INFO:CSV güncellendi: 'csv_data/TUR_VIIRS_NOAA20_NRT.csv'
2026-09-14 09:19:30,496:INFO:JSON güncellendi: 'json_data/TUR_VIIRS_NOAA20_NRT.json'
2026-09-14 09:19:30,795:INFO:API yanıtı: 200, latitude,longitude,bright_ti4,scan,track,acq_date,acq_time,satellite,instrument,confidence,version,b
2026-09-14 09:19:31,066:INFO:CSV güncellendi: 'csv_data/TUR_VIIRS_NOAA21_NRT.csv'
2026-09-14 09:19:31,067:INFO:JSON güncellendi: 'json_data/TUR_VIIRS_NOAA21_NRT.json'
2026-09-14 09:19:31,373:INFO:API yanıtı: 200, latitude,longitude,bright_ti4,scan,track,acq_date,acq_time,satellite,instrument,confidence,version,b
2026-09-14 09:19:31,639:INFO:CSV güncellendi: 'csv_data/TUR_VIIRS_SNPP_NRT.csv'
2026-09-14 09:19:31,639:INFO:JSON güncellendi: 'json_data/TUR_VIIRS_SNPP_NRT.json'
2026-09-14 09:19:31,666:INFO:SQLite güncellendi: 'sqlite_data/TUR_fire_data.db'
2026-09-14 09:19:32,037:INFO:'./available_satellites.txt' kaydedildi.
2026-09-14 17:09:11,756:INFO:API yanıtı: 200, latitude,longitude,bright_ti4,scan,track,acq_date,acq_time,satellite,instrument,confidence,version,b
2026-09-14 17:09:12,062:INFO:CSV güncellendi: 'csv_data/TUR_VIIRS_NOAA20_NRT.csv'
2026-09-14 17:09:12,063:INFO:JSON güncellendi: 'json_data/TUR_VIIRS_NOAA20_NRT.json'
2026-09-14 17:09:12,534:INFO:API yanıtı: 200, latitude,longitude,bright_ti4,scan,track,acq_date,acq_time,satellite,instrument,confidence,version,b
2026-09-14 17:09:12,809:INFO:CSV güncellendi: 'csv_data/TUR_VIIRS_NOAA21_NRT.csv'
2026-09-14 17:09:12,810:INFO:JSON güncellendi: 'json_data/TUR_VIIRS_NOAA21_NRT.json'
2026-09-14 17:09:13,262:INFO:API yanıtı: 200, latitude,longitude,bright_ti4,scan,track,acq_date,acq_time,satellite,instrument,confidence,version,b
2026-09-14 17:09:13,541:INFO:CSV güncellendi: 'csv_data/TUR_VIIRS_SNPP_NRT.csv'
2026-09-14 17:09:13,542:INFO:JSON güncellendi: 'json_data/TUR_VIIRS_SNPP_NRT.json'
2026-09-14 17:09:13,553:INFO:SQLite güncellendi: 'sqlite_data/TUR_fire_data.db'
2026-09-14 17:09:14,041:INFO:'./available_satellites.txt' zaten güncel.
2026-09-14 22:51:49,047:ERROR:API isteği sırasında hata oluştu: HTTPSConnectionPool(host='firms.modaps.eosdis.nasa.gov', port=443): Max retries exceeded with url: /api/area/csv/c143a369cf4225c82e32d0a7396c05f1/VIIRS_NOAA20_NRT/25.6,35.8,44.8,42.1/1 (Caused by NewConnectionError("HTTPSConnection(host='firms.modaps.eosdis.nasa.gov', port=443): Failed to establish a new connection: [Errno 101] Network is unreachable"))
2026-09-14 22:54:04,215:ERROR:API isteği sırasında hata oluştu: HTTPSConnectionPool(host='firms.modaps.eosdis.nasa.gov', port=443): Max retries exceeded with url: /api/area/csv/c143a369cf4225c82e32d0a7396c05f1/VIIRS_NOAA21_NRT/25.6,35.8,44.8,42.1/1 (Caused by NewConnectionError("HTTPSConnection(host='firms.modaps.eosdis.nasa.gov', port=443): Failed to establish a new connection: [Errno 101] Network is unreachable"))
2026-09-14 22:56:19,383:ERROR:API isteği sırasında hata oluştu: HTTPSConnectionPool(host='firms.modaps.eosdis.nasa.gov', port=443): Max retries exceeded with url: /api/area/csv/c143a369cf4225c82e32d0a7396c05f1/VIIRS_SNPP_NRT/25.6,35.8,44.8,42.1/1 (Caused by NewConnectionError("HTTPSConnection(host='firms.modaps.eosdis.nasa.gov', port=443): Failed to establish a new connection: [Errno 101] Network is unreachable"))
2026-09-14 22:58:34,551:ERROR:API isteği sırasında hata oluştu: HTTPSConnectionPool(host='firms.modaps.eosdis.nasa.gov', port=443): Max retries exceeded with url: /api/data_availability/csv/c143a369cf4225c82e32d0a7396c05f1/ALL (Caused by NewConnectionError("HTTPSConnection(host='firms.modaps.eosdis.nasa.gov', port=443): Failed to establish a new connection: [Errno 101] Network is unreachable"))
2026-09-15 02:10:53,479:INFO:API yanıtı: 200, latitude,longitude,bright_ti4,scan,track,acq_date,acq_time,satellite,instrument,confidence,version,b
2026-09-15 02:10:53,785:INFO:CSV güncellendi: 'csv_data/TUR_VIIRS_NOAA20_NRT.csv'
2026-09-15 02:10:53,785:INFO:JSON güncellendi: 'json_data/TUR_VIIRS_NOAA20_NRT.json'
2026-09-15 02:10:54,035:INFO:API yanıtı: 200, latitude,longitude,bright_ti4,scan,track,acq_date,acq_time,satellite,instrument,confidence,version,b
2026-09-15 02:10:54,308:INFO:CSV güncellendi: 'csv_data/TUR_VIIRS_NOAA21_NRT.csv'
2026-09-15 02:10:54,309:INFO:JSON güncellendi: 'json_data/TUR_VIIRS_NOAA21_NRT.json'
2026-09-15 02:10:54,560:INFO:API yanıtı: 200, latitude,longitude,bright_ti4,scan,track,acq_date,acq_time,satellite,instrument,confidence,version,b
2026-09-15 02:10:54,837:INFO:CSV güncellendi: 'csv_data/TUR_VIIRS_SNPP_NRT.csv'
2026-09-15 02:10:54,838:INFO:JSON güncellendi: 'json_data/TUR_VIIRS_SNPP_NRT.json'
2026-09-15 02:10:54,873:INFO:SQLite güncellendi: 'sqlite_data/TUR_fire_data.db'
2026-09-15 02:10:55,151:INFO:'./available_satellites.txt' kaydedildi.
2026-09-15 09:01:09,524:INFO:API yanıtı: 200, latitude,longitude,bright_ti4,scan,track,acq_date,acq_time,satellite,instrument,confidence,version,b
2026-09-15 09:01:09,708:INFO:CSV güncellendi: 'csv_data/TUR_VIIRS_NOAA20_NRT.csv'
2026-09-15 09:01:09,708:INFO:JSON güncellendi: 'json_data/TUR_VIIRS_NOAA20_NRT.json'
2026-09-15 09:01:10,050:INFO:API yanıtı: 200, latitude,longitude,bright_ti4,scan,track,acq_date,acq_time,satellite,instrument,confidence,version,b
2026-09-15 09:01:10,211:INFO:CSV güncellendi: 'csv_data/TUR_VIIRS_NOAA21_NRT.csv'
2026-09-15 09:01:10,211:INFO:JSON güncellendi: 'json_data/TUR_VIIRS_NOAA21_NRT.json'
2026-09-15 09:01:10,555:INFO:API yanıtı: 200, latitude,longitude,bright_ti4,scan,track,acq_date,acq_time,satellite,instrument,confidence,version,b
2026-09-15 09:01:10,712:INFO:CSV güncellendi: 'csv_data/TUR_VIIRS_SNPP_NRT.csv'
2026-09-15 09:01:10,713:INFO:JSON güncellendi: 'json_data/TUR_VIIRS_SNPP_NRT.json'
2026-09-15 09:01:10,829:INFO:SQLite güncellendi: 'sqlite_data/TUR_fire_data.db'
2026-09-15 09:01:11,292:INFO:'./available_satellites.txt' kaydedildi.
2026-09-15 15:49:09,237:INFO:API yanıtı: 200, latitude,longitude,bright_ti4,scan,track,acq_date,acq_time,satellite,instrument,confidence,version,b
2026-09-15 15:49:09,554:INFO:CSV güncellendi: 'csv_data/TUR_VIIRS_NOAA20_NRT.csv'
2026-09-15 15:49:09,555:INFO:JSON güncellendi: 'json_data/TUR_VIIRS_NOAA20_NRT.json'
2026-09-15 15:49:09,704:INFO:API yanıtı: 200, latitude,longitude,bright_ti4,scan,track,acq_date,acq_time,satellite,instrument,confidence,version,b
2026-09-15 15:49:09,980:INFO:CSV güncellendi: 'csv_data/TUR_VIIRS_NOAA21_NRT.csv'
2026-09-15 15:49:09,981:INFO:JSON güncellendi: 'json_data/TUR_VIIRS_NOAA21_NRT.json'
2026-09-15 15:49:10,138:INFO:API yanıtı: 200, latitude,longitude,bright_ti4,scan,track,acq_date,acq_time,satellite,instrument,confidence,version,b
2026-09-15 15:49:10,415:INFO:CSV güncellendi: 'csv_data/TUR_VIIRS_SNPP_NRT.csv'
2026-09-15 15:49:10,416:INFO:JSON güncellendi: 'json_data/TUR_VIIRS_SNPP_NRT.json'
2026-09-15 15:49:10,429:INFO:SQLite güncellendi: 'sqlite_data/TUR_fire_data.db'
2026-09-15 15:49:10,689:INFO:'./available_satellites.txt' kaydedildi.
2026-09-15 19:19:40,659:INFO:API yanıtı: 200, latitude,longitude,bright_ti4,scan,track,acq_date,acq_time,satellite,instrument,confidence,version,b
2026-09-15 19:19:40,961:INFO:CSV güncellendi: 'csv_data/TUR_VIIRS_NOAA20_NRT.csv'
2026-09-15 19:19:40,962:INFO:JSON güncellendi: 'json_data/TUR_VIIRS_NOAA20_NRT.json'
2026-09-15 19:19:41,113:INFO:API yanıtı: 200, latitude,longitude,bright_ti4,scan,track,acq_date,acq_time,satellite,instrument,confidence,version,b
2026-09-15 19:19:41,364:INFO:CSV güncellendi: 'csv_data/TUR_VIIRS_NOAA21_NRT.csv'
2026-09-15 19:19:41,365:INFO:JSON güncellendi: 'json_data/TUR_VIIRS_NOAA21_NRT.json'
2026-09-15 19:19:41,525:INFO:API yanıtı: 200, latitude,longitude,bright_ti4,scan,track,acq_date,acq_time,satellite,instrument,confidence,version,b
2026-09-15 19:19:41,846:INFO:CSV güncellendi: 'csv_data/TUR_VIIRS_SNPP_NRT.csv'
2026-09-15 19:19:41,847:INFO:JSON güncellendi: 'json_data/TUR_VIIRS_SNPP_NRT.json'
2026-09-15 19:19:42,015:INFO:SQLite güncellendi: 'sqlite_data/TUR_fire_data.db'
2026-09-15 19:19:42,401:INFO:'./available_satellites.txt' zaten güncel.
2026-09-15 22:30:15,341:INFO:API yanıtı: 200, latitude,longitude,bright_ti4,scan,track,acq_date,acq_time,satellite,instrument,confidence,version,b
2026-09-15 22:30:15,666:INFO:CSV güncellendi: 'csv_data/TUR_VIIRS_NOAA20_NRT.csv'
2026-09-15 22:30:15,667:INFO:JSON güncellendi: 'json_data/TUR_VIIRS_NOAA20_NRT.json'
2026-09-15 22:30:15,882:INFO:API yanıtı: 200, latitude,longitude,bright_ti4,scan,track,acq_date,acq_time,satellite,instrument,confidence,version,b
2026-09-15 22:30:16,174:INFO:CSV güncellendi: 'csv_data/TUR_VIIRS_NOAA21_NRT.csv'
2026-09-15 22:30:16,175:INFO:JSON güncellendi: 'json_data/TUR_VIIRS_NOAA21_NRT.json'
2026-09-15 22:30:16,370:INFO:API yanıtı: 200, latitude,longitude,bright_ti4,scan,track,acq_date,acq_time,satellite,instrument,confidence,version,b
2026-09-15 22:30:16,656:INFO:CSV güncellendi: 'csv_data/TUR_VIIRS_SNPP_NRT.csv'
2026-09-15 22:30:16,658:INFO:JSON güncellendi: 'json_data/TUR_VIIRS_SNPP_NRT.json'
2026-09-15 22:30:16,668:INFO:SQLite güncellendi: 'sqlite_data/TUR_fire_data.db'
2026-09-15 22:30:17,073:INFO:'./available_satellites.txt' zaten güncel.
2026-09-16 02:03:00,153:INFO:API yanıtı: 200, latitude,longitude,bright_ti4,scan,track,acq_date,acq_time,satellite,instrument,confidence,version,b
2026-09-16 02:03:00,465:INFO:CSV güncellendi: 'csv_data/TUR_VIIRS_NOAA20_NRT.csv'
2026-09-16 02:03:00,466:INFO:JSON güncellendi: 'json_data/TUR_VIIRS_NOAA20_NRT.json'
2026-09-16 02:03:00,859:INFO:API yanıtı: 200, latitude,longitude,bright_ti4,scan,track,acq_date,acq_time,satellite,instrument,confidence,version,b
2026-09-16 02:03:01,144:INFO:CSV güncellendi: 'csv_data/TUR_VIIRS_NOAA21_NRT.csv'
2026-09-16 02:03:01,145:INFO:JSON güncellendi: 'json_data/TUR_VIIRS_NOAA21_NRT.json'
2026-09-16 02:03:01,533:INFO:API yanıtı: 200, latitude,longitude,bright_ti4,scan,track,acq_date,acq_time,satellite,instrument,confidence,version,b
2026-09-16 02:03:01,806:INFO:CSV güncellendi: 'csv_data/TUR_VIIRS_SNPP_NRT.csv'
2026-09-16 02:03:01,807:INFO:JSON güncellendi: 'json_data/TUR_VIIRS_SNPP_NRT.json'
2026-09-16 02:03:01,815:INFO:SQLite güncellendi: 'sqlite_data/TUR_fire_data.db'
2026-09-16 02:03:02,240:INFO:'./available_satellites.txt' kaydedildi.
2026-09-16 08:53:35,952:INFO:API yanıtı: 200, latitude,longitude,bright_ti4,scan,track,acq_date,acq_time,satellite,instrument,confidence,version,b
2026-09-16 08:53:36,260:INFO:CSV güncellendi: 'csv_data/TUR_VIIRS_NOAA20_NRT.csv'
2026-09-16 08:53:36,261:INFO:JSON güncellendi: 'json_data/TUR_VIIRS_NOAA20_NRT.json'
2026-09-16 08:53:36,548:INFO:API yanıtı: 200, latitude,longitude,bright_ti4,scan,track,acq_date,acq_time,satellite,instrument,confidence,version,b
2026-09-16 08:53:36,815:INFO:CSV güncellendi: 'csv_data/TUR_VIIRS_NOAA21_NRT.csv'
2026-09-16 08:53:36,816:INFO:JSON güncellendi: 'json_data/TUR_VIIRS_NOAA21_NRT.json'
2026-09-16 08:53:37,112:INFO:API yanıtı: 200, latitude,longitude,bright_ti4,scan,track,acq_date,acq_time,satellite,instrument,confidence,version,b
2026-09-16 08:53:37,386:INFO:CSV güncellendi: 'csv_data/TUR_VIIRS_SNPP_NRT.csv'
2026-09-16 08:53:37,386:INFO:JSON güncellendi: 'json_data/TUR_VIIRS_SNPP_NRT.json'
2026-09-16 08:53:37,397:INFO:SQLite güncellendi: 'sqlite_data/TUR_fire_data.db'
2026-09-16 08:53:37,792:INFO:'./available_satellites.txt' kaydedildi.
2026-09-16 15:40:38,536:INFO:API yanıtı: 200, latitude,longitude,bright_ti4,scan,track,acq_date,acq_time,satellite,instrument,confidence,version,b
2026-09-16 15:40:38,743:INFO:CSV güncellendi: 'csv_data/TUR_VIIRS_NOAA20_NRT.csv'
2026-09-16 15:40:38,744:INFO:JSON güncellendi: 'json_data/TUR_VIIRS_NOAA20_NRT.json'
2026-09-16 15:40:39,070:INFO:API yanıtı: 200, latitude,longitude,bright_ti4,scan,track,acq_date,acq_time,satellite,instrument,confidence,version,b
2026-09-16 15:40:39,320:INFO:CSV güncellendi: 'csv_data/TUR_VIIRS_NOAA21_NRT.csv'
2026-09-16 15:40:39,321:INFO:JSON güncellendi: 'json_data/TUR_VIIRS_NOAA21_NRT.json'
2026-09-16 15:40:39,641:INFO:API yanıtı: 200, latitude,longitude,bright_ti4,scan,track,acq_date,acq_time,satellite,instrument,confidence,version,b
2026-09-16 15:40:39,895:INFO:CSV güncellendi: 'csv_data/TUR_VIIRS_SNPP_NRT.csv'
2026-09-16 15:40:39,896:INFO:JSON güncellendi: 'json_data/TUR_VIIRS_SNPP_NRT.json'
2026-09-16 15:40:41,326:INFO:SQLite güncellendi: 'sqlite_data/TUR_fire_data.db'
2026-09-16 15:40:41,911:INFO:'./available_satellites.txt' kaydedildi.
2026-09-16 19:09:39,398:INFO:API yanıtı: 200, latitude,longitude,bright_ti4,scan,track,acq_date,acq_time,satellite,instrument,confidence,version,b
2026-09-16 19:09:39,705:INFO:CSV güncellendi: 'csv_data/TUR_VIIRS_NOAA20_NRT.csv'
2026-09-16 19:09:39,706:INFO:JSON güncellendi: 'json_data/TUR_VIIRS_NOAA20_NRT.json'
2026-09-16 19:09:39,878:INFO:API yanıtı: 200, latitude,longitude,bright_ti4,scan,track,acq_date,acq_time,satellite,instrument,confidence,version,b
2026-09-16 19:09:40,198:INFO:CSV güncellendi: 'csv_data/TUR_VIIRS_NOAA21_NRT.csv'
2026-09-16 19:09:40,199:INFO:JSON güncellendi: 'json_data/TUR_VIIRS_NOAA21_NRT.json'
2026-09-16 19:09:40,436:INFO:API yanıtı: 200, latitude,longitude,bright_ti4,scan,track,acq_date,acq_time,satellite,instrument,confidence,version,b
2026-09-16 19:09:40,714:INFO:CSV güncellendi: 'csv_data/TUR_VIIRS_SNPP_NRT.csv'
2026-09-16 19:09:40,715:INFO:JSON güncellendi: 'json_data/TUR_VIIRS_SNPP_NRT.json'
2026-09-16 19:09:40,725:INFO:SQLite güncellendi: 'sqlite_data/TUR_fire_data.db'
2026-09-16 19:09:41,096:INFO:'./available_satellites.txt' zaten güncel.
2026-09-16 22:26:55,716:INFO:API yanıtı: 200, latitude,longitude,bright_ti4,scan,track,acq_date,acq_time,satellite,instrument,confidence,version,b
2026-09-16 22:26:56,044:INFO:CSV güncellendi: 'csv_data/TUR_VIIRS_NOAA20_NRT.csv'
2026-09-16 22:26:56,045:INFO:JSON güncellendi: 'json_data/TUR_VIIRS_NOAA20_NRT.json'
2026-09-16 22:26:56,519:INFO:API yanıtı: 200, latitude,longitude,bright_ti4,scan,track,acq_date,acq_time,satellite,instrument,confidence,version,b
2026-09-16 22:26:56,812:INFO:CSV güncellendi: 'csv_data/TUR_VIIRS_NOAA21_NRT.csv'
2026-09-16 22:26:56,813:INFO:JSON güncellendi: 'json_data/TUR_VIIRS_NOAA21_NRT.json'
2026-09-16 22:26:57,287:INFO:API yanıtı: 200, latitude,longitude,bright_ti4,scan,track,acq_date,acq_time,satellite,instrument,confidence,version,b
2026-09-16 22:26:57,583:INFO:CSV güncellendi: 'csv_data/TUR_VIIRS_SNPP_NRT.csv'
2026-09-16 22:26:57,585:INFO:JSON güncellendi: 'json_data/TUR_VIIRS_SNPP_NRT.json'
2026-09-16 22:26:57,594:INFO:SQLite güncellendi: 'sqlite_data/TUR_fire_data.db'
2026-09-16 22:26:58,150:INFO:'./available_satellites.txt' zaten güncel.
2026-09-17 02:06:44,951:INFO:API yanıtı: 200, latitude,longitude,bright_ti4,scan,track,acq_date,acq_time,satellite,instrument,confidence,version,b
2026-09-17 02:06:45,204:INFO:CSV güncellendi: 'csv_data/TUR_VIIRS_NOAA20_NRT.csv'
2026-09-17 02:06:45,205:INFO:JSON güncellendi: 'json_data/TUR_VIIRS_NOAA20_NRT.json'
2026-09-17 02:06:45,524:INFO:API yanıtı: 200, latitude,longitude,bright_ti4,scan,track,acq_date,acq_time,satellite,instrument,confidence,version,b
2026-09-17 02:06:45,746:INFO:CSV güncellendi: 'csv_data/TUR_VIIRS_NOAA21_NRT.csv'
2026-09-17 02:06:45,747:INFO:JSON güncellendi: 'json_data/TUR_VIIRS_NOAA21_NRT.json'
2026-09-17 02:06:46,122:INFO:API yanıtı: 200, latitude,longitude,bright_ti4,scan,track,acq_date,acq_time,satellite,instrument,confidence,version,b
2026-09-17 02:06:46,347:INFO:CSV güncellendi: 'csv_data/TUR_VIIRS_SNPP_NRT.csv'
2026-09-17 02:06:46,347:INFO:JSON güncellendi: 'json_data/TUR_VIIRS_SNPP_NRT.json'
2026-09-17 02:06:46,369:INFO:SQLite güncellendi: 'sqlite_data/TUR_fire_data.db'
2026-09-17 02:06:46,860:INFO:'./available_satellites.txt' kaydedildi.
2026-09-17 08:58:38,614:INFO:API yanıtı: 200, latitude,longitude,bright_ti4,scan,track,acq_date,acq_time,satellite,instrument,confidence,version,b
2026-09-17 08:58:38,924:INFO:CSV güncellendi: 'csv_data/TUR_VIIRS_NOAA20_NRT.csv'
2026-09-17 08:58:38,925:INFO:JSON güncellendi: 'json_data/TUR_VIIRS_NOAA20_NRT.json'
2026-09-17 08:58:39,289:INFO:API yanıtı: 200, latitude,longitude,bright_ti4,scan,track,acq_date,acq_time,satellite,instrument,confidence,version,b
2026-09-17 08:58:39,562:INFO:CSV güncellendi: 'csv_data/TUR_VIIRS_NOAA21_NRT.csv'
2026-09-17 08:58:39,562:INFO:JSON güncellendi: 'json_data/TUR_VIIRS_NOAA21_NRT.json'
2026-09-17 08:58:39,926:INFO:API yanıtı: 200, latitude,longitude,bright_ti4,scan,track,acq_date,acq_time,satellite,instrument,confidence,version,b
2026-09-17 08:58:40,196:INFO:CSV güncellendi: 'csv_data/TUR_VIIRS_SNPP_NRT.csv'
2026-09-17 08:58:40,196:INFO:JSON güncellendi: 'json_data/TUR_VIIRS_SNPP_NRT.json'
2026-09-17 08:58:40,207:INFO:SQLite güncellendi: 'sqlite_data/TUR_fire_data.db'
2026-09-17 08:58:40,677:INFO:'./available_satellites.txt' kaydedildi.
2026-09-17 15:46:53,920:INFO:API yanıtı: 200, latitude,longitude,bright_ti4,scan,track,acq_date,acq_time,satellite,instrument,confidence,version,b
2026-09-17 15:46:54,229:INFO:CSV güncellendi: 'csv_data/TUR_VIIRS_NOAA20_NRT.csv'
2026-09-17 15:46:54,230:INFO:JSON güncellendi: 'json_data/TUR_VIIRS_NOAA20_NRT.json'
2026-09-17 15:46:54,646:INFO:API yanıtı: 200, latitude,longitude,bright_ti4,scan,track,acq_date,acq_time,satellite,instrument,confidence,version,b
2026-09-17 15:46:54,927:INFO:CSV güncellendi: 'csv_data/TUR_VIIRS_NOAA21_NRT.csv'
2026-09-17 15:46:54,928:INFO:JSON güncellendi: 'json_data/TUR_VIIRS_NOAA21_NRT.json'
2026-09-17 15:46:55,326:INFO:API yanıtı: 200, latitude,longitude,bright_ti4,scan,track,acq_date,acq_time,satellite,instrument,confidence,version,b
2026-09-17 15:46:55,604:INFO:CSV güncellendi: 'csv_data/TUR_VIIRS_SNPP_NRT.csv'
2026-09-17 15:46:55,605:INFO:JSON güncellendi: 'json_data/TUR_VIIRS_SNPP_NRT.json'
2026-09-17 15:46:55,619:INFO:SQLite güncellendi: 'sqlite_data/TUR_fire_data.db'
2026-09-17 15:46:56,111:INFO:'./available_satellites.txt' zaten güncel.
2026-09-17 19:21:42,637:INFO:API yanıtı: 200, latitude,longitude,bright_ti4,scan,track,acq_date,acq_time,satellite,instrument,confidence,version,b
2026-09-17 19:21:42,857:INFO:CSV güncellendi: 'csv_data/TUR_VIIRS_NOAA20_NRT.csv'
2026-09-17 19:21:42,858:INFO:JSON güncellendi: 'json_data/TUR_VIIRS_NOAA20_NRT.json'
2026-09-17 19:21:43,160:INFO:API yanıtı: 200, latitude,longitude,bright_ti4,scan,track,acq_date,acq_time,satellite,instrument,confidence,version,b
2026-09-17 19:21:43,361:INFO:CSV güncellendi: 'csv_data/TUR_VIIRS_NOAA21_NRT.csv'
2026-09-17 19:21:43,362:INFO:JSON güncellendi: 'json_data/TUR_VIIRS_NOAA21_NRT.json'
2026-09-17 19:21:43,844:INFO:API yanıtı: 200, latitude,longitude,bright_ti4,scan,track,acq_date,acq_time,satellite,instrument,confidence,version,b
2026-09-17 19:21:44,049:INFO:CSV güncellendi: 'csv_data/TUR_VIIRS_SNPP_NRT.csv'
2026-09-17 19:21:44,049:INFO:JSON güncellendi: 'json_data/TUR_VIIRS_SNPP_NRT.json'
2026-09-17 19:21:44,236:INFO:SQLite güncellendi: 'sqlite_data/TUR_fire_data.db'
2026-09-17 19:21:44,671:INFO:'./available_satellites.txt' zaten güncel.
2026-09-17 22:30:15,304:INFO:API yanıtı: 200, latitude,longitude,bright_ti4,scan,track,acq_date,acq_time,satellite,instrument,confidence,version,b
2026-09-17 22:30:15,617:INFO:CSV güncellendi: 'csv_data/TUR_VIIRS_NOAA20_NRT.csv'
2026-09-17 22:30:15,618:INFO:JSON güncellendi: 'json_data/TUR_VIIRS_NOAA20_NRT.json'
2026-09-17 22:30:16,046:INFO:API yanıtı: 200, latitude,longitude,bright_ti4,scan,track,acq_date,acq_time,satellite,instrument,confidence,version,b
2026-09-17 22:30:16,341:INFO:CSV güncellendi: 'csv_data/TUR_VIIRS_NOAA21_NRT.csv'
2026-09-17 22:30:16,341:INFO:JSON güncellendi: 'json_data/TUR_VIIRS_NOAA21_NRT.json'
2026-09-17 22:30:17,769:INFO:API yanıtı: 200, latitude,longitude,bright_ti4,scan,track,acq_date,acq_time,satellite,instrument,confidence,version,b
2026-09-17 22:30:18,056:INFO:CSV güncellendi: 'csv_data/TUR_VIIRS_SNPP_NRT.csv'
2026-09-17 22:30:18,058:INFO:JSON güncellendi: 'json_data/TUR_VIIRS_SNPP_NRT.json'
2026-09-17 22:30:18,070:INFO:SQLite güncellendi: 'sqlite_data/TUR_fire_data.db'
2026-09-17 22:30:18,595:INFO:'./available_satellites.txt' zaten güncel.
2026-09-18 01:53:51,009:INFO:API yanıtı: 200, latitude,longitude,bright_ti4,scan,track,acq_date,acq_time,satellite,instrument,confidence,version,b
2026-09-18 01:53:51,272:INFO:CSV güncellendi: 'csv_data/TUR_VIIRS_NOAA20_NRT.csv'
2026-09-18 01:53:51,272:INFO:JSON güncellendi: 'json_data/TUR_VIIRS_NOAA20_NRT.json'
2026-09-18 01:53:51,488:INFO:API yanıtı: 200, latitude,longitude,bright_ti4,scan,track,acq_date,acq_time,satellite,instrument,confidence,version,b
2026-09-18 01:53:51,649:INFO:CSV güncellendi: 'csv_data/TUR_VIIRS_NOAA21_NRT.csv'
2026-09-18 01:53:51,680:INFO:JSON güncellendi: 'json_data/TUR_VIIRS_NOAA21_NRT.json'
2026-09-18 01:53:51,937:INFO:API yanıtı: 200, latitude,longitude,bright_ti4,scan,track,acq_date,acq_time,satellite,instrument,confidence,version,b
2026-09-18 01:53:52,179:INFO:CSV güncellendi: 'csv_data/TUR_VIIRS_SNPP_NRT.csv'
2026-09-18 01:53:52,179:INFO:JSON güncellendi: 'json_data/TUR_VIIRS_SNPP_NRT.json'
2026-09-18 01:53:52,449:INFO:SQLite güncellendi: 'sqlite_data/TUR_fire_data.db'
2026-09-18 01:53:52,928:INFO:'./available_satellites.txt' kaydedildi.
2026-09-18 08:33:19,654:INFO:API yanıtı: 200, latitude,longitude,bright_ti4,scan,track,acq_date,acq_time,satellite,instrument,confidence,version,b
2026-09-18 08:33:19,986:INFO:CSV güncellendi: 'csv_data/TUR_VIIRS_NOAA20_NRT.csv'
2026-09-18 08:33:19,987:INFO:JSON güncellendi: 'json_data/TUR_VIIRS_NOAA20_NRT.json'
2026-09-18 08:33:20,366:INFO:API yanıtı: 200, latitude,longitude,bright_ti4,scan,track,acq_date,acq_time,satellite,instrument,confidence,version,b
2026-09-18 08:33:20,648:INFO:CSV güncellendi: 'csv_data/TUR_VIIRS_NOAA21_NRT.csv'
2026-09-18 08:33:20,648:INFO:JSON güncellendi: 'json_data/TUR_VIIRS_NOAA21_NRT.json'
2026-09-18 08:33:21,047:INFO:API yanıtı: 200, latitude,longitude,bright_ti4,scan,track,acq_date,acq_time,satellite,instrument,confidence,version,b
2026-09-18 08:33:21,327:INFO:CSV güncellendi: 'csv_data/TUR_VIIRS_SNPP_NRT.csv'
2026-09-18 08:33:21,328:INFO:JSON güncellendi: 'json_data/TUR_VIIRS_SNPP_NRT.json'
2026-09-18 08:33:21,461:INFO:SQLite güncellendi: 'sqlite_data/TUR_fire_data.db'
2026-09-18 08:33:21,937:INFO:'./available_satellites.txt' kaydedildi.
2026-09-18 15:19:42,211:INFO:API yanıtı: 200, latitude,longitude,bright_ti4,scan,track,acq_date,acq_time,satellite,instrument,confidence,version,b
2026-09-18 15:19:42,481:INFO:CSV güncellendi: 'csv_data/TUR_VIIRS_NOAA20_NRT.csv'
2026-09-18 15:19:42,482:INFO:JSON güncellendi: 'json_data/TUR_VIIRS_NOAA20_NRT.json'
2026-09-18 15:19:42,897:INFO:API yanıtı: 200, latitude,longitude,bright_ti4,scan,track,acq_date,acq_time,satellite,instrument,confidence,version,b
2026-09-18 15:19:43,149:INFO:CSV güncellendi: 'csv_data/TUR_VIIRS_NOAA21_NRT.csv'
2026-09-18 15:19:43,150:INFO:JSON güncellendi: 'json_data/TUR_VIIRS_NOAA21_NRT.json'
2026-09-18 15:19:43,563:INFO:API yanıtı: 200, latitude,longitude,bright_ti4,scan,track,acq_date,acq_time,satellite,instrument,confidence,version,b
2026-09-18 15:19:43,808:INFO:CSV güncellendi: 'csv_data/TUR_VIIRS_SNPP_NRT.csv'
2026-09-18 15:19:43,809:INFO:JSON güncellendi: 'json_data/TUR_VIIRS_SNPP_NRT.json'
2026-09-18 15:19:43,854:INFO:SQLite güncellendi: 'sqlite_data/TUR_fire_data.db'
2026-09-18 15:19:44,307:INFO:'./available_satellites.txt' zaten güncel.
2026-09-18 18:42:28,408:INFO:API yanıtı: 200, latitude,longitude,bright_ti4,scan,track,acq_date,acq_time,satellite,instrument,confidence,version,b
2026-09-18 18:42:28,722:INFO:CSV güncellendi: 'csv_data/TUR_VIIRS_NOAA20_NRT.csv'
2026-09-18 18:42:28,723:INFO:JSON güncellendi: 'json_data/TUR_VIIRS_NOAA20_NRT.json'
2026-09-18 18:43:28,887:INFO:API yanıtı: 200, latitude,longitude,bright_ti4,scan,track,acq_date,acq_time,satellite,instrument,confidence,version,b
2026-09-18 18:43:29,166:INFO:CSV güncellendi: 'csv_data/TUR_VIIRS_NOAA21_NRT.csv'
2026-09-18 18:43:29,167:INFO:JSON güncellendi: 'json_data/TUR_VIIRS_NOAA21_NRT.json'
2026-09-18 18:43:29,292:INFO:API yanıtı: 200, latitude,longitude,bright_ti4,scan,track,acq_date,acq_time,satellite,instrument,confidence,version,b
2026-09-18 18:43:29,572:INFO:CSV güncellendi: 'csv_data/TUR_VIIRS_SNPP_NRT.csv'
2026-09-18 18:43:29,573:INFO:JSON güncellendi: 'json_data/TUR_VIIRS_SNPP_NRT.json'
2026-09-18 18:43:29,585:INFO:SQLite güncellendi: 'sqlite_data/TUR_fire_data.db'
2026-09-18 18:43:29,880:INFO:'./available_satellites.txt' zaten güncel.
2026-09-18 21:59:45,639:INFO:API yanıtı: 200, latitude,longitude,bright_ti4,scan,track,acq_date,acq_time,satellite,instrument,confidence,version,b
2026-09-18 21:59:45,900:INFO:CSV güncellendi: 'csv_data/TUR_VIIRS_NOAA20_NRT.csv'
2026-09-18 21:59:45,901:INFO:JSON güncellendi: 'json_data/TUR_VIIRS_NOAA20_NRT.json'
2026-09-18 21:59:46,066:INFO:API yanıtı: 200, latitude,longitude,bright_ti4,scan,track,acq_date,acq_time,satellite,instrument,confidence,version,b
2026-09-18 21:59:46,299:INFO:CSV güncellendi: 'csv_data/TUR_VIIRS_NOAA21_NRT.csv'
2026-09-18 21:59:46,300:INFO:JSON güncellendi: 'json_data/TUR_VIIRS_NOAA21_NRT.json'
2026-09-18 21:59:46,489:INFO:API yanıtı: 200, latitude,longitude,bright_ti4,scan,track,acq_date,acq_time,satellite,instrument,confidence,version,b
2026-09-18 21:59:46,722:INFO:CSV güncellendi: 'csv_data/TUR_VIIRS_SNPP_NRT.csv'
2026-09-18 21:59:46,723:INFO:JSON güncellendi: 'json_data/TUR_VIIRS_SNPP_NRT.json'
2026-09-18 21:59:46,765:INFO:SQLite güncellendi: 'sqlite_data/TUR_fire_data.db'
2026-09-18 21:59:47,016:INFO:'./available_satellites.txt' zaten güncel.
2026-09-19 02:01:15,022:ERROR:API isteği sırasında hata oluştu: HTTPSConnectionPool(host='firms.modaps.eosdis.nasa.gov', port=443): Max retries exceeded with url: /api/area/csv/d78a0906d3740632290d069b3c06c4c7/VIIRS_NOAA20_NRT/25.6,35.8,44.8,42.1/1 (Caused by NewConnectionError("HTTPSConnection(host='firms.modaps.eosdis.nasa.gov', port=443): Failed to establish a new connection: [Errno 101] Network is unreachable"))
2026-09-19 02:03:30,190:ERROR:API isteği sırasında hata oluştu: HTTPSConnectionPool(host='firms.modaps.eosdis.nasa.gov', port=443): Max retries exceeded with url: /api/area/csv/d78a0906d3740632290d069b3c06c4c7/VIIRS_NOAA21_NRT/25.6,35.8,44.8,42.1/1 (Caused by NewConnectionError("HTTPSConnection(host='firms.modaps.eosdis.nasa.gov', port=443): Failed to establish a new connection: [Errno 101] Network is unreachable"))
2026-09-19 02:05:45,358:ERROR:API isteği sırasında hata oluştu: HTTPSConnectionPool(host='firms.modaps.eosdis.nasa.gov', port=443): Max retries exceeded with url: /api/area/csv/d78a0906d3740632290d069b3c06c4c7/VIIRS_SNPP_NRT/25.6,35.8,44.8,42.1/1 (Caused by NewConnectionError("HTTPSConnection(host='firms.modaps.eosdis.nasa.gov', port=443): Failed to establish a new connection: [Errno 101] Network is unreachable"))
2026-09-19 02:08:00,526:ERROR:API isteği sırasında hata oluştu: HTTPSConnectionPool(host='firms.modaps.eosdis.nasa.gov', port=443): Max retries exceeded with url: /api/data_availability/csv/d78a0906d3740632290d069b3c06c4c7/ALL (Caused by NewConnectionError("HTTPSConnection(host='firms.modaps.eosdis.nasa.gov', port=443): Failed to establish a new connection: [Errno 101] Network is unreachable"))
2026-09-19 08:20:14,490:INFO:API yanıtı: 200, latitude,longitude,bright_ti4,scan,track,acq_date,acq_time,satellite,instrument,confidence,version,b
2026-09-19 08:20:14,685:INFO:CSV güncellendi: 'csv_data/TUR_VIIRS_NOAA20_NRT.csv'
2026-09-19 08:20:14,686:INFO:JSON güncellendi: 'json_data/TUR_VIIRS_NOAA20_NRT.json'
2026-09-19 08:20:14,928:INFO:API yanıtı: 200, latitude,longitude,bright_ti4,scan,track,acq_date,acq_time,satellite,instrument,confidence,version,b
2026-09-19 08:20:15,096:INFO:CSV güncellendi: 'csv_data/TUR_VIIRS_NOAA21_NRT.csv'
2026-09-19 08:20:15,096:INFO:JSON güncellendi: 'json_data/TUR_VIIRS_NOAA21_NRT.json'
2026-09-19 08:20:15,364:INFO:API yanıtı: 200, latitude,longitude,bright_ti4,scan,track,acq_date,acq_time,satellite,instrument,confidence,version,b
2026-09-19 08:20:15,528:INFO:CSV güncellendi: 'csv_data/TUR_VIIRS_SNPP_NRT.csv'
2026-09-19 08:20:15,528:INFO:JSON güncellendi: 'json_data/TUR_VIIRS_SNPP_NRT.json'
2026-09-19 08:20:15,562:INFO:SQLite güncellendi: 'sqlite_data/TUR_fire_data.db'
2026-09-19 08:20:15,921:INFO:'./available_satellites.txt' kaydedildi.
2026-09-19 14:57:23,013:INFO:API yanıtı: 200, latitude,longitude,bright_ti4,scan,track,acq_date,acq_time,satellite,instrument,confidence,version,b
2026-09-19 14:57:23,323:INFO:CSV güncellendi: 'csv_data/TUR_VIIRS_NOAA20_NRT.csv'
2026-09-19 14:57:23,324:INFO:JSON güncellendi: 'json_data/TUR_VIIRS_NOAA20_NRT.json'
2026-09-19 14:57:23,518:INFO:API yanıtı: 200, latitude,longitude,bright_ti4,scan,track,acq_date,acq_time,satellite,instrument,confidence,version,b
2026-09-19 14:57:23,799:INFO:CSV güncellendi: 'csv_data/TUR_VIIRS_NOAA21_NRT.csv'
2026-09-19 14:57:23,800:INFO:JSON güncellendi: 'json_data/TUR_VIIRS_NOAA21_NRT.json'
2026-09-19 14:57:24,005:INFO:API yanıtı: 200, latitude,longitude,bright_ti4,scan,track,acq_date,acq_time,satellite,instrument,confidence,version,b
2026-09-19 14:57:24,286:INFO:CSV güncellendi: 'csv_data/TUR_VIIRS_SNPP_NRT.csv'
2026-09-19 14:57:24,287:INFO:JSON güncellendi: 'json_data/TUR_VIIRS_SNPP_NRT.json'
2026-09-19 14:57:24,300:INFO:SQLite güncellendi: 'sqlite_data/TUR_fire_data.db'
2026-09-19 14:57:24,556:INFO:'./available_satellites.txt' zaten güncel.
2026-09-19 18:15:31,165:INFO:API yanıtı: 200, latitude,longitude,bright_ti4,scan,track,acq_date,acq_time,satellite,instrument,confidence,version,b
2026-09-19 18:15:31,490:INFO:CSV güncellendi: 'csv_data/TUR_VIIRS_NOAA20_NRT.csv'
2026-09-19 18:15:31,491:INFO:JSON güncellendi: 'json_data/TUR_VIIRS_NOAA20_NRT.json'
2026-09-19 18:15:31,931:INFO:API yanıtı: 200, latitude,longitude,bright_ti4,scan,track,acq_date,acq_time,satellite,instrument,confidence,version,b
2026-09-19 18:15:32,229:INFO:CSV güncellendi: 'csv_data/TUR_VIIRS_NOAA21_NRT.csv'
2026-09-19 18:15:32,229:INFO:JSON güncellendi: 'json_data/TUR_VIIRS_NOAA21_NRT.json'
2026-09-19 18:15:32,671:INFO:API yanıtı: 200, latitude,longitude,bright_ti4,scan,track,acq_date,acq_time,satellite,instrument,confidence,version,b
2026-09-19 18:15:32,954:INFO:CSV güncellendi: 'csv_data/TUR_VIIRS_SNPP_NRT.csv'
2026-09-19 18:15:32,955:INFO:JSON güncellendi: 'json_data/TUR_VIIRS_SNPP_NRT.json'
2026-09-19 18:15:32,966:INFO:SQLite güncellendi: 'sqlite_data/TUR_fire_data.db'
2026-09-19 18:15:33,408:INFO:'./available_satellites.txt' zaten güncel.
2026-09-19 21:52:10,797:INFO:API yanıtı: 200, latitude,longitude,bright_ti4,scan,track,acq_date,acq_time,satellite,instrument,confidence,version,b
2026-09-19 21:52:11,115:INFO:CSV güncellendi: 'csv_data/TUR_VIIRS_NOAA20_NRT.csv'
2026-09-19 21:52:11,116:INFO:JSON güncellendi: 'json_data/TUR_VIIRS_NOAA20_NRT.json'
2026-09-19 21:52:11,267:INFO:API yanıtı: 200, latitude,longitude,bright_ti4,scan,track,acq_date,acq_time,satellite,instrument,confidence,version,b
2026-09-19 21:52:11,550:INFO:CSV güncellendi: 'csv_data/TUR_VIIRS_NOAA21_NRT.csv'
2026-09-19 21:52:11,551:INFO:JSON güncellendi: 'json_data/TUR_VIIRS_NOAA21_NRT.json'
2026-09-19 21:52:11,724:INFO:API yanıtı: 200, latitude,longitude,bright_ti4,scan,track,acq_date,acq_time,satellite,instrument,confidence,version,b
2026-09-19 21:52:12,009:INFO:CSV güncellendi: 'csv_data/TUR_VIIRS_SNPP_NRT.csv'
2026-09-19 21:52:12,010:INFO:JSON güncellendi: 'json_data/TUR_VIIRS_SNPP_NRT.json'
2026-09-19 21:52:12,021:INFO:SQLite güncellendi: 'sqlite_data/TUR_fire_data.db'
2026-09-19 21:52:12,314:INFO:'./available_satellites.txt' zaten güncel.
2026-09-20 02:02:23,661:INFO:API yanıtı: 200, latitude,longitude,bright_ti4,scan,track,acq_date,acq_time,satellite,instrument,confidence,version,b
2026-09-20 02:02:23,972:INFO:CSV güncellendi: 'csv_data/TUR_VIIRS_NOAA20_NRT.csv'
2026-09-20 02:02:23,972:INFO:JSON güncellendi: 'json_data/TUR_VIIRS_NOAA20_NRT.json'
2026-09-20 02:02:24,359:INFO:API yanıtı: 200, latitude,longitude,bright_ti4,scan,track,acq_date,acq_time,satellite,instrument,confidence,version,b
2026-09-20 02:02:24,649:INFO:CSV güncellendi: 'csv_data/TUR_VIIRS_NOAA21_NRT.csv'
2026-09-20 02:02:24,649:INFO:JSON güncellendi: 'json_data/TUR_VIIRS_NOAA21_NRT.json'
2026-09-20 02:02:25,025:INFO:API yanıtı: 200, latitude,longitude,bright_ti4,scan,track,acq_date,acq_time,satellite,instrument,confidence,version,b
2026-09-20 02:02:25,300:INFO:CSV güncellendi: 'csv_data/TUR_VIIRS_SNPP_NRT.csv'
2026-09-20 02:02:25,300:INFO:JSON güncellendi: 'json_data/TUR_VIIRS_SNPP_NRT.json'
2026-09-20 02:02:25,306:INFO:SQLite güncellendi: 'sqlite_data/TUR_fire_data.db'
2026-09-20 02:02:25,807:INFO:'./available_satellites.txt' kaydedildi.
2026-09-20 08:52:10,579:INFO:API yanıtı: 200, latitude,longitude,bright_ti4,scan,track,acq_date,acq_time,satellite,instrument,confidence,version,b
2026-09-20 08:52:10,932:INFO:CSV güncellendi: 'csv_data/TUR_VIIRS_NOAA20_NRT.csv'
2026-09-20 08:52:10,933:INFO:JSON güncellendi: 'json_data/TUR_VIIRS_NOAA20_NRT.json'
2026-09-20 08:52:11,133:INFO:API yanıtı: 200, latitude,longitude,bright_ti4,scan,track,acq_date,acq_time,satellite,instrument,confidence,version,b
2026-09-20 08:52:11,434:INFO:CSV güncellendi: 'csv_data/TUR_VIIRS_NOAA21_NRT.csv'
2026-09-20 08:52:11,435:INFO:JSON güncellendi: 'json_data/TUR_VIIRS_NOAA21_NRT.json'
2026-09-20 08:52:11,644:INFO:API yanıtı: 200, latitude,longitude,bright_ti4,scan,track,acq_date,acq_time,satellite,instrument,confidence,version,b
2026-09-20 08:52:11,942:INFO:CSV güncellendi: 'csv_data/TUR_VIIRS_SNPP_NRT.csv'
2026-09-20 08:52:11,943:INFO:JSON güncellendi: 'json_data/TUR_VIIRS_SNPP_NRT.json'
2026-09-20 08:52:11,951:INFO:SQLite güncellendi: 'sqlite_data/TUR_fire_data.db'
2026-09-20 08:52:12,181:INFO:'./available_satellites.txt' kaydedildi.
2026-09-20 15:00:02,310:INFO:API yanıtı: 200, latitude,longitude,bright_ti4,scan,track,acq_date,acq_time,satellite,instrument,confidence,version,b
2026-09-20 15:00:02,622:INFO:CSV güncellendi: 'csv_data/TUR_VIIRS_NOAA20_NRT.csv'
2026-09-20 15:00:02,623:INFO:JSON güncellendi: 'json_data/TUR_VIIRS_NOAA20_NRT.json'
2026-09-20 15:00:02,951:INFO:API yanıtı: 200, latitude,longitude,bright_ti4,scan,track,acq_date,acq_time,satellite,instrument,confidence,version,b
2026-09-20 15:00:03,242:INFO:CSV güncellendi: 'csv_data/TUR_VIIRS_NOAA21_NRT.csv'
2026-09-20 15:00:03,244:INFO:JSON güncellendi: 'json_data/TUR_VIIRS_NOAA21_NRT.json'
2026-09-20 15:00:03,604:INFO:API yanıtı: 200, latitude,longitude,bright_ti4,scan,track,acq_date,acq_time,satellite,instrument,confidence,version,b
2026-09-20 15:00:03,896:INFO:CSV güncellendi: 'csv_data/TUR_VIIRS_SNPP_NRT.csv'
2026-09-20 15:00:03,897:INFO:JSON güncellendi: 'json_data/TUR_VIIRS_SNPP_NRT.json'
2026-09-20 15:00:03,905:INFO:SQLite güncellendi: 'sqlite_data/TUR_fire_data.db'
2026-09-20 15:00:04,292:INFO:'./available_satellites.txt' zaten güncel.
2026-09-20 18:23:19,024:ERROR:API isteği sırasında hata oluştu: HTTPSConnectionPool(host='firms.modaps.eosdis.nasa.gov', port=443): Max retries exceeded with url: /api/area/csv/938ac26ef67434a6b522389a2ac922f2/VIIRS_NOAA20_NRT/25.6,35.8,44.8,42.1/1 (Caused by NewConnectionError("HTTPSConnection(host='firms.modaps.eosdis.nasa.gov', port=443): Failed to establish a new connection: [Errno 101] Network is unreachable"))
2026-09-20 18:25:34,192:ERROR:API isteği sırasında hata oluştu: HTTPSConnectionPool(host='firms.modaps.eosdis.nasa.gov', port=443): Max retries exceeded with url: /api/area/csv/938ac26ef67434a6b522389a2ac922f2/VIIRS_NOAA21_NRT/25.6,35.8,44.8,42.1/1 (Caused by NewConnectionError("HTTPSConnection(host='firms.modaps.eosdis.nasa.gov', port=443): Failed to establish a new connection: [Errno 101] Network is unreachable"))
2026-09-20 18:27:49,360:ERROR:API isteği sırasında hata oluştu: HTTPSConnectionPool(host='firms.modaps.eosdis.nasa.gov', port=443): Max retries exceeded with url: /api/area/csv/938ac26ef67434a6b522389a2ac922f2/VIIRS_SNPP_NRT/25.6,35.8,44.8,42.1/1 (Caused by NewConnectionError("HTTPSConnection(host='firms.modaps.eosdis.nasa.gov', port=443): Failed to establish a new connection: [Errno 101] Network is unreachable"))
2026-09-20 18:30:04,528:ERROR:API isteği sırasında hata oluştu: HTTPSConnectionPool(host='firms.modaps.eosdis.nasa.gov', port=443): Max retries exceeded with url: /api/data_availability/csv/938ac26ef67434a6b522389a2ac922f2/ALL (Caused by NewConnectionError("HTTPSConnection(host='firms.modaps.eosdis.nasa.gov', port=443): Failed to establish a new connection: [Errno 101] Network is unreachable"))
2026-09-20 22:01:59,062:ERROR:API isteği sırasında hata oluştu: HTTPSConnectionPool(host='firms.modaps.eosdis.nasa.gov', port=443): Max retries exceeded with url: /api/area/csv/0f54aa3f5bc352c9e51154caecc3e264/VIIRS_NOAA20_NRT/25.6,35.8,44.8,42.1/1 (Caused by NewConnectionError("HTTPSConnection(host='firms.modaps.eosdis.nasa.gov', port=443): Failed to establish a new connection: [Errno 101] Network is unreachable"))
2026-09-20 22:04:14,230:ERROR:API isteği sırasında hata oluştu: HTTPSConnectionPool(host='firms.modaps.eosdis.nasa.gov', port=443): Max retries exceeded with url: /api/area/csv/0f54aa3f5bc352c9e51154caecc3e264/VIIRS_NOAA21_NRT/25.6,35.8,44.8,42.1/1 (Caused by NewConnectionError("HTTPSConnection(host='firms.modaps.eosdis.nasa.gov', port=443): Failed to establish a new connection: [Errno 101] Network is unreachable"))
2026-09-20 22:06:29,398:ERROR:API isteği sırasında hata oluştu: HTTPSConnectionPool(host='firms.modaps.eosdis.nasa.gov', port=443): Max retries exceeded with url: /api/area/csv/0f54aa3f5bc352c9e51154caecc3e264/VIIRS_SNPP_NRT/25.6,35.8,44.8,42.1/1 (Caused by NewConnectionError("HTTPSConnection(host='firms.modaps.eosdis.nasa.gov', port=443): Failed to establish a new connection: [Errno 101] Network is unreachable"))
2026-09-20 22:08:44,566:ERROR:API isteği sırasında hata oluştu: HTTPSConnectionPool(host='firms.modaps.eosdis.nasa.gov', port=443): Max retries exceeded with url: /api/data_availability/csv/0f54aa3f5bc352c9e51154caecc3e264/ALL (Caused by NewConnectionError("HTTPSConnection(host='firms.modaps.eosdis.nasa.gov', port=443): Failed to establish a new connection: [Errno 101] Network is unreachable"))
2026-09-21 02:03:11,952:INFO:API yanıtı: 200, latitude,longitude,bright_ti4,scan,track,acq_date,acq_time,satellite,instrument,confidence,version,b
2026-09-21 02:03:12,286:INFO:CSV güncellendi: 'csv_data/TUR_VIIRS_NOAA20_NRT.csv'
2026-09-21 02:03:12,287:INFO:JSON güncellendi: 'json_data/TUR_VIIRS_NOAA20_NRT.json'
2026-09-21 02:03:12,421:INFO:API yanıtı: 200, latitude,longitude,bright_ti4,scan,track,acq_date,acq_time,satellite,instrument,confidence,version,b
2026-09-21 02:03:12,699:INFO:CSV güncellendi: 'csv_data/TUR_VIIRS_NOAA21_NRT.csv'
2026-09-21 02:03:12,700:INFO:JSON güncellendi: 'json_data/TUR_VIIRS_NOAA21_NRT.json'
2026-09-21 02:03:12,850:INFO:API yanıtı: 200, latitude,longitude,bright_ti4,scan,track,acq_date,acq_time,satellite,instrument,confidence,version,b
2026-09-21 02:03:13,130:INFO:CSV güncellendi: 'csv_data/TUR_VIIRS_SNPP_NRT.csv'
2026-09-21 02:03:13,130:INFO:JSON güncellendi: 'json_data/TUR_VIIRS_SNPP_NRT.json'
2026-09-21 02:03:13,139:INFO:SQLite güncellendi: 'sqlite_data/TUR_fire_data.db'
2026-09-21 02:03:13,354:INFO:'./available_satellites.txt' kaydedildi.
2026-09-21 09:22:02,403:INFO:API yanıtı: 200, latitude,longitude,bright_ti4,scan,track,acq_date,acq_time,satellite,instrument,confidence,version,b
2026-09-21 09:22:02,722:INFO:CSV güncellendi: 'csv_data/TUR_VIIRS_NOAA20_NRT.csv'
2026-09-21 09:22:02,723:INFO:JSON güncellendi: 'json_data/TUR_VIIRS_NOAA20_NRT.json'
2026-09-21 09:22:02,831:INFO:API yanıtı: 200, latitude,longitude,bright_ti4,scan,track,acq_date,acq_time,satellite,instrument,confidence,version,b
2026-09-21 09:22:03,109:INFO:CSV güncellendi: 'csv_data/TUR_VIIRS_NOAA21_NRT.csv'
2026-09-21 09:22:03,110:INFO:JSON güncellendi: 'json_data/TUR_VIIRS_NOAA21_NRT.json'
2026-09-21 09:22:03,246:INFO:API yanıtı: 200, latitude,longitude,bright_ti4,scan,track,acq_date,acq_time,satellite,instrument,confidence,version,b
2026-09-21 09:22:03,519:INFO:CSV güncellendi: 'csv_data/TUR_VIIRS_SNPP_NRT.csv'
2026-09-21 09:22:03,520:INFO:JSON güncellendi: 'json_data/TUR_VIIRS_SNPP_NRT.json'
2026-09-21 09:22:03,527:INFO:SQLite güncellendi: 'sqlite_data/TUR_fire_data.db'
2026-09-21 09:22:03,819:INFO:'./available_satellites.txt' kaydedildi.
2026-09-21 17:18:17,941:INFO:API yanıtı: 200, latitude,longitude,bright_ti4,scan,track,acq_date,acq_time,satellite,instrument,confidence,version,b
2026-09-21 17:18:18,259:INFO:CSV güncellendi: 'csv_data/TUR_VIIRS_NOAA20_NRT.csv'
2026-09-21 17:18:18,260:INFO:JSON güncellendi: 'json_data/TUR_VIIRS_NOAA20_NRT.json'
2026-09-21 17:18:18,616:INFO:API yanıtı: 200, latitude,longitude,bright_ti4,scan,track,acq_date,acq_time,satellite,instrument,confidence,version,b
2026-09-21 17:18:18,924:INFO:CSV güncellendi: 'csv_data/TUR_VIIRS_NOAA21_NRT.csv'
2026-09-21 17:18:18,925:INFO:JSON güncellendi: 'json_data/TUR_VIIRS_NOAA21_NRT.json'
2026-09-21 17:18:19,294:INFO:API yanıtı: 200, latitude,longitude,bright_ti4,scan,track,acq_date,acq_time,satellite,instrument,confidence,version,b
2026-09-21 17:18:19,579:INFO:CSV güncellendi: 'csv_data/TUR_VIIRS_SNPP_NRT.csv'
2026-09-21 17:18:19,580:INFO:JSON güncellendi: 'json_data/TUR_VIIRS_SNPP_NRT.json'
2026-09-21 17:18:19,655:INFO:SQLite güncellendi: 'sqlite_data/TUR_fire_data.db'
2026-09-21 17:18:20,058:INFO:'./available_satellites.txt' zaten güncel.
2026-09-21 22:56:47,226:ERROR:API isteği sırasında hata oluştu: HTTPSConnectionPool(host='firms.modaps.eosdis.nasa.gov', port=443): Max retries exceeded with url: /api/area/csv/79695af8c45efd733c12b3eb596ba847/VIIRS_NOAA20_NRT/25.6,35.8,44.8,42.1/1 (Caused by NewConnectionError("HTTPSConnection(host='firms.modaps.eosdis.nasa.gov', port=443): Failed to establish a new connection: [Errno 101] Network is unreachable"))
2026-09-21 22:59:02,394:ERROR:API isteği sırasında hata oluştu: HTTPSConnectionPool(host='firms.modaps.eosdis.nasa.gov', port=443): Max retries exceeded with url: /api/area/csv/79695af8c45efd733c12b3eb596ba847/VIIRS_NOAA21_NRT/25.6,35.8,44.8,42.1/1 (Caused by NewConnectionError("HTTPSConnection(host='firms.modaps.eosdis.nasa.gov', port=443): Failed to establish a new connection: [Errno 101] Network is unreachable"))
2026-09-21 23:01:17,562:ERROR:API isteği sırasında hata oluştu: HTTPSConnectionPool(host='firms.modaps.eosdis.nasa.gov', port=443): Max retries exceeded with url: /api/area/csv/79695af8c45efd733c12b3eb596ba847/VIIRS_SNPP_NRT/25.6,35.8,44.8,42.1/1 (Caused by NewConnectionError("HTTPSConnection(host='firms.modaps.eosdis.nasa.gov', port=443): Failed to establish a new connection: [Errno 101] Network is unreachable"))
2026-09-21 23:03:32,730:ERROR:API isteği sırasında hata oluştu: HTTPSConnectionPool(host='firms.modaps.eosdis.nasa.gov', port=443): Max retries exceeded with url: /api/data_availability/csv/79695af8c45efd733c12b3eb596ba847/ALL (Caused by NewConnectionError("HTTPSConnection(host='firms.modaps.eosdis.nasa.gov', port=443): Failed to establish a new connection: [Errno 101] Network is unreachable"))
2026-09-22 02:09:16,803:INFO:API yanıtı: 200, latitude,longitude,bright_ti4,scan,track,acq_date,acq_time,satellite,instrument,confidence,version,b
2026-09-22 02:09:17,131:INFO:CSV güncellendi: 'csv_data/TUR_VIIRS_NOAA20_NRT.csv'
2026-09-22 02:09:17,132:INFO:JSON güncellendi: 'json_data/TUR_VIIRS_NOAA20_NRT.json'
2026-09-22 02:09:17,458:INFO:API yanıtı: 200, latitude,longitude,bright_ti4,scan,track,acq_date,acq_time,satellite,instrument,confidence,version,b
2026-09-22 02:09:17,747:INFO:CSV güncellendi: 'csv_data/TUR_VIIRS_NOAA21_NRT.csv'
2026-09-22 02:09:17,747:INFO:JSON güncellendi: 'json_data/TUR_VIIRS_NOAA21_NRT.json'
2026-09-22 02:09:18,103:INFO:API yanıtı: 200, latitude,longitude,bright_ti4,scan,track,acq_date,acq_time,satellite,instrument,confidence,version,b
2026-09-22 02:09:18,392:INFO:CSV güncellendi: 'csv_data/TUR_VIIRS_SNPP_NRT.csv'
2026-09-22 02:09:18,392:INFO:JSON güncellendi: 'json_data/TUR_VIIRS_SNPP_NRT.json'
2026-09-22 02:09:18,397:INFO:SQLite güncellendi: 'sqlite_data/TUR_fire_data.db'
2026-09-22 02:09:18,830:INFO:'./available_satellites.txt' kaydedildi.
2026-09-22 08:51:33,389:INFO:API yanıtı: 200, latitude,longitude,bright_ti4,scan,track,acq_date,acq_time,satellite,instrument,confidence,version,b
2026-09-22 08:51:33,714:INFO:CSV güncellendi: 'csv_data/TUR_VIIRS_NOAA20_NRT.csv'
2026-09-22 08:51:33,715:INFO:JSON güncellendi: 'json_data/TUR_VIIRS_NOAA20_NRT.json'
2026-09-22 08:51:33,881:INFO:API yanıtı: 200, latitude,longitude,bright_ti4,scan,track,acq_date,acq_time,satellite,instrument,confidence,version,b
2026-09-22 08:51:34,164:INFO:CSV güncellendi: 'csv_data/TUR_VIIRS_NOAA21_NRT.csv'
2026-09-22 08:51:34,165:INFO:JSON güncellendi: 'json_data/TUR_VIIRS_NOAA21_NRT.json'
2026-09-22 08:51:34,339:INFO:API yanıtı: 200, latitude,longitude,bright_ti4,scan,track,acq_date,acq_time,satellite,instrument,confidence,version,b
2026-09-22 08:51:34,621:INFO:CSV güncellendi: 'csv_data/TUR_VIIRS_SNPP_NRT.csv'
2026-09-22 08:51:34,622:INFO:JSON güncellendi: 'json_data/TUR_VIIRS_SNPP_NRT.json'
2026-09-22 08:51:34,630:INFO:SQLite güncellendi: 'sqlite_data/TUR_fire_data.db'
2026-09-22 08:51:34,912:INFO:'./available_satellites.txt' kaydedildi.
2026-09-22 15:51:38,195:INFO:API yanıtı: 200, latitude,longitude,bright_ti4,scan,track,acq_date,acq_time,satellite,instrument,confidence,version,b
2026-09-22 15:51:38,519:INFO:CSV güncellendi: 'csv_data/TUR_VIIRS_NOAA20_NRT.csv'
2026-09-22 15:51:38,520:INFO:JSON güncellendi: 'json_data/TUR_VIIRS_NOAA20_NRT.json'
2026-09-22 15:51:38,952:INFO:API yanıtı: 200, latitude,longitude,bright_ti4,scan,track,acq_date,acq_time,satellite,instrument,confidence,version,b
2026-09-22 15:51:39,253:INFO:CSV güncellendi: 'csv_data/TUR_VIIRS_NOAA21_NRT.csv'
2026-09-22 15:51:39,254:INFO:JSON güncellendi: 'json_data/TUR_VIIRS_NOAA21_NRT.json'
2026-09-22 15:51:39,670:INFO:API yanıtı: 200, latitude,longitude,bright_ti4,scan,track,acq_date,acq_time,satellite,instrument,confidence,version,b
2026-09-22 15:51:39,972:INFO:CSV güncellendi: 'csv_data/TUR_VIIRS_SNPP_NRT.csv'
2026-09-22 15:51:39,973:INFO:JSON güncellendi: 'json_data/TUR_VIIRS_SNPP_NRT.json'
2026-09-22 15:51:39,982:INFO:SQLite güncellendi: 'sqlite_data/TUR_fire_data.db'
2026-09-22 15:51:40,391:INFO:'./available_satellites.txt' zaten güncel.
2026-09-22 19:19:46,915:INFO:API yanıtı: 200, latitude,longitude,bright_ti4,scan,track,acq_date,acq_time,satellite,instrument,confidence,version,b
2026-09-22 19:19:47,233:INFO:CSV güncellendi: 'csv_data/TUR_VIIRS_NOAA20_NRT.csv'
2026-09-22 19:19:47,234:INFO:JSON güncellendi: 'json_data/TUR_VIIRS_NOAA20_NRT.json'
2026-09-22 19:19:47,591:INFO:API yanıtı: 200, latitude,longitude,bright_ti4,scan,track,acq_date,acq_time,satellite,instrument,confidence,version,b
2026-09-22 19:19:47,887:INFO:CSV güncellendi: 'csv_data/TUR_VIIRS_NOAA21_NRT.csv'
2026-09-22 19:19:47,889:INFO:JSON güncellendi: 'json_data/TUR_VIIRS_NOAA21_NRT.json'
2026-09-22 19:19:48,253:INFO:API yanıtı: 200, latitude,longitude,bright_ti4,scan,track,acq_date,acq_time,satellite,instrument,confidence,version,b
2026-09-22 19:19:48,558:INFO:CSV güncellendi: 'csv_data/TUR_VIIRS_SNPP_NRT.csv'
2026-09-22 19:19:48,559:INFO:JSON güncellendi: 'json_data/TUR_VIIRS_SNPP_NRT.json'
2026-09-22 19:19:48,568:INFO:SQLite güncellendi: 'sqlite_data/TUR_fire_data.db'
2026-09-22 19:19:48,988:INFO:'./available_satellites.txt' zaten güncel.
2026-09-22 22:28:06,902:INFO:API yanıtı: 200, latitude,longitude,bright_ti4,scan,track,acq_date,acq_time,satellite,instrument,confidence,version,b
2026-09-22 22:28:07,213:INFO:CSV güncellendi: 'csv_data/TUR_VIIRS_NOAA20_NRT.csv'
2026-09-22 22:28:07,214:INFO:JSON güncellendi: 'json_data/TUR_VIIRS_NOAA20_NRT.json'
2026-09-22 22:28:07,373:INFO:API yanıtı: 200, latitude,longitude,bright_ti4,scan,track,acq_date,acq_time,satellite,instrument,confidence,version,b
2026-09-22 22:28:07,665:INFO:CSV güncellendi: 'csv_data/TUR_VIIRS_NOAA21_NRT.csv'
2026-09-22 22:28:07,666:INFO:JSON güncellendi: 'json_data/TUR_VIIRS_NOAA21_NRT.json'
2026-09-22 22:28:07,836:INFO:API yanıtı: 200, latitude,longitude,bright_ti4,scan,track,acq_date,acq_time,satellite,instrument,confidence,version,b
2026-09-22 22:28:08,121:INFO:CSV güncellendi: 'csv_data/TUR_VIIRS_SNPP_NRT.csv'
2026-09-22 22:28:08,122:INFO:JSON güncellendi: 'json_data/TUR_VIIRS_SNPP_NRT.json'
2026-09-22 22:28:08,134:INFO:SQLite güncellendi: 'sqlite_data/TUR_fire_data.db'
2026-09-22 22:28:08,395:INFO:'./available_satellites.txt' zaten güncel.
2026-09-23 02:09:11,135:INFO:API yanıtı: 200, latitude,longitude,bright_ti4,scan,track,acq_date,acq_time,satellite,instrument,confidence,version,b
2026-09-23 02:09:11,477:INFO:CSV güncellendi: 'csv_data/TUR_VIIRS_NOAA20_NRT.csv'
2026-09-23 02:09:11,478:INFO:JSON güncellendi: 'json_data/TUR_VIIRS_NOAA20_NRT.json'
2026-09-23 02:09:11,801:INFO:API yanıtı: 200, latitude,longitude,bright_ti4,scan,track,acq_date,acq_time,satellite,instrument,confidence,version,b
2026-09-23 02:09:12,101:INFO:CSV güncellendi: 'csv_data/TUR_VIIRS_NOAA21_NRT.csv'
2026-09-23 02:09:12,101:INFO:JSON güncellendi: 'json_data/TUR_VIIRS_NOAA21_NRT.json'
2026-09-23 02:09:12,432:INFO:API yanıtı: 200, latitude,longitude,bright_ti4,scan,track,acq_date,acq_time,satellite,instrument,confidence,version,b
2026-09-23 02:09:12,736:INFO:CSV güncellendi: 'csv_data/TUR_VIIRS_SNPP_NRT.csv'
2026-09-23 02:09:12,737:INFO:JSON güncellendi: 'json_data/TUR_VIIRS_SNPP_NRT.json'
2026-09-23 02:09:12,742:INFO:SQLite güncellendi: 'sqlite_data/TUR_fire_data.db'
2026-09-23 02:09:13,148:INFO:'./available_satellites.txt' kaydedildi.
2026-09-23 08:53:16,530:INFO:API yanıtı: 200, latitude,longitude,bright_ti4,scan,track,acq_date,acq_time,satellite,instrument,confidence,version,b
2026-09-23 08:53:16,793:INFO:CSV güncellendi: 'csv_data/TUR_VIIRS_NOAA20_NRT.csv'
2026-09-23 08:53:16,794:INFO:JSON güncellendi: 'json_data/TUR_VIIRS_NOAA20_NRT.json'
2026-09-23 08:53:17,127:INFO:API yanıtı: 200, latitude,longitude,bright_ti4,scan,track,acq_date,acq_time,satellite,instrument,confidence,version,b
2026-09-23 08:53:17,383:INFO:CSV güncellendi: 'csv_data/TUR_VIIRS_NOAA21_NRT.csv'
2026-09-23 08:53:17,383:INFO:JSON güncellendi: 'json_data/TUR_VIIRS_NOAA21_NRT.json'
2026-09-23 08:53:17,747:INFO:API yanıtı: 200, latitude,longitude,bright_ti4,scan,track,acq_date,acq_time,satellite,instrument,confidence,version,b
2026-09-23 08:53:17,980:INFO:CSV güncellendi: 'csv_data/TUR_VIIRS_SNPP_NRT.csv'
2026-09-23 08:53:17,980:INFO:JSON güncellendi: 'json_data/TUR_VIIRS_SNPP_NRT.json'
2026-09-23 08:53:18,152:INFO:SQLite güncellendi: 'sqlite_data/TUR_fire_data.db'
2026-09-23 08:53:18,532:INFO:'./available_satellites.txt' kaydedildi.
2026-09-23 15:43:14,520:ERROR:API isteği sırasında hata oluştu: HTTPSConnectionPool(host='firms.modaps.eosdis.nasa.gov', port=443): Max retries exceeded with url: /api/area/csv/79695af8c45efd733c12b3eb596ba847/VIIRS_NOAA20_NRT/25.6,35.8,44.8,42.1/1 (Caused by NewConnectionError("HTTPSConnection(host='firms.modaps.eosdis.nasa.gov', port=443): Failed to establish a new connection: [Errno 101] Network is unreachable"))
2026-09-23 15:45:29,687:ERROR:API isteği sırasında hata oluştu: HTTPSConnectionPool(host='firms.modaps.eosdis.nasa.gov', port=443): Max retries exceeded with url: /api/area/csv/79695af8c45efd733c12b3eb596ba847/VIIRS_NOAA21_NRT/25.6,35.8,44.8,42.1/1 (Caused by NewConnectionError("HTTPSConnection(host='firms.modaps.eosdis.nasa.gov', port=443): Failed to establish a new connection: [Errno 101] Network is unreachable"))
2026-09-23 15:47:44,856:ERROR:API isteği sırasında hata oluştu: HTTPSConnectionPool(host='firms.modaps.eosdis.nasa.gov', port=443): Max retries exceeded with url: /api/area/csv/79695af8c45efd733c12b3eb596ba847/VIIRS_SNPP_NRT/25.6,35.8,44.8,42.1/1 (Caused by NewConnectionError("HTTPSConnection(host='firms.modaps.eosdis.nasa.gov', port=443): Failed to establish a new connection: [Errno 101] Network is unreachable"))
2026-09-23 15:50:00,024:ERROR:API isteği sırasında hata oluştu: HTTPSConnectionPool(host='firms.modaps.eosdis.nasa.gov', port=443): Max retries exceeded with url: /api/data_availability/csv/79695af8c45efd733c12b3eb596ba847/ALL (Caused by NewConnectionError("HTTPSConnection(host='firms.modaps.eosdis.nasa.gov', port=443): Failed to establish a new connection: [Errno 101] Network is unreachable"))
2026-09-23 19:17:07,764:INFO:API yanıtı: 200, latitude,longitude,bright_ti4,scan,track,acq_date,acq_time,satellite,instrument,confidence,version,b
2026-09-23 19:17:08,078:INFO:CSV güncellendi: 'csv_data/TUR_VIIRS_NOAA20_NRT.csv'
2026-09-23 19:17:08,079:INFO:JSON güncellendi: 'json_data/TUR_VIIRS_NOAA20_NRT.json'
2026-09-23 19:17:08,361:INFO:API yanıtı: 200, latitude,longitude,bright_ti4,scan,track,acq_date,acq_time,satellite,instrument,confidence,version,b
2026-09-23 19:17:08,654:INFO:CSV güncellendi: 'csv_data/TUR_VIIRS_NOAA21_NRT.csv'
2026-09-23 19:17:08,654:INFO:JSON güncellendi: 'json_data/TUR_VIIRS_NOAA21_NRT.json'
2026-09-23 19:17:09,040:INFO:API yanıtı: 200, latitude,longitude,bright_ti4,scan,track,acq_date,acq_time,satellite,instrument,confidence,version,b
2026-09-23 19:17:09,323:INFO:CSV güncellendi: 'csv_data/TUR_VIIRS_SNPP_NRT.csv'
2026-09-23 19:17:09,324:INFO:JSON güncellendi: 'json_data/TUR_VIIRS_SNPP_NRT.json'
2026-09-23 19:17:09,332:INFO:SQLite güncellendi: 'sqlite_data/TUR_fire_data.db'
2026-09-23 19:17:09,749:INFO:'./available_satellites.txt' zaten güncel.
2026-09-23 22:31:15,855:INFO:API yanıtı: 200, latitude,longitude,bright_ti4,scan,track,acq_date,acq_time,satellite,instrument,confidence,version,b
2026-09-23 22:31:16,173:INFO:CSV güncellendi: 'csv_data/TUR_VIIRS_NOAA20_NRT.csv'
2026-09-23 22:31:16,174:INFO:JSON güncellendi: 'json_data/TUR_VIIRS_NOAA20_NRT.json'
2026-09-23 22:31:16,443:INFO:API yanıtı: 200, latitude,longitude,bright_ti4,scan,track,acq_date,acq_time,satellite,instrument,confidence,version,b
2026-09-23 22:31:16,737:INFO:CSV güncellendi: 'csv_data/TUR_VIIRS_NOAA21_NRT.csv'
2026-09-23 22:31:16,738:INFO:JSON güncellendi: 'json_data/TUR_VIIRS_NOAA21_NRT.json'
2026-09-23 22:31:16,948:INFO:API yanıtı: 200, latitude,longitude,bright_ti4,scan,track,acq_date,acq_time,satellite,instrument,confidence,version,b
2026-09-23 22:31:17,236:INFO:CSV güncellendi: 'csv_data/TUR_VIIRS_SNPP_NRT.csv'
2026-09-23 22:31:17,237:INFO:JSON güncellendi: 'json_data/TUR_VIIRS_SNPP_NRT.json'
2026-09-23 22:31:17,249:INFO:SQLite güncellendi: 'sqlite_data/TUR_fire_data.db'
2026-09-23 22:31:17,755:INFO:'./available_satellites.txt' zaten güncel.
2026-09-24 01:56:14,827:INFO:API yanıtı: 200, latitude,longitude,bright_ti4,scan,track,acq_date,acq_time,satellite,instrument,confidence,version,b
2026-09-24 01:56:15,153:INFO:CSV güncellendi: 'csv_data/TUR_VIIRS_NOAA20_NRT.csv'
2026-09-24 01:56:15,153:INFO:JSON güncellendi: 'json_data/TUR_VIIRS_NOAA20_NRT.json'
2026-09-24 01:56:15,764:INFO:API yanıtı: 200, latitude,longitude,bright_ti4,scan,track,acq_date,acq_time,satellite,instrument,confidence,version,b
2026-09-24 01:56:16,054:INFO:CSV güncellendi: 'csv_data/TUR_VIIRS_NOAA21_NRT.csv'
2026-09-24 01:56:16,054:INFO:JSON güncellendi: 'json_data/TUR_VIIRS_NOAA21_NRT.json'
2026-09-24 01:56:16,672:INFO:API yanıtı: 200, latitude,longitude,bright_ti4,scan,track,acq_date,acq_time,satellite,instrument,confidence,version,b
2026-09-24 01:56:16,965:INFO:CSV güncellendi: 'csv_data/TUR_VIIRS_SNPP_NRT.csv'
2026-09-24 01:56:16,966:INFO:JSON güncellendi: 'json_data/TUR_VIIRS_SNPP_NRT.json'
2026-09-24 01:56:16,974:INFO:SQLite güncellendi: 'sqlite_data/TUR_fire_data.db'
2026-09-24 01:56:17,701:INFO:'./available_satellites.txt' kaydedildi.
2026-09-24 08:48:48,437:INFO:API yanıtı: 200, latitude,longitude,bright_ti4,scan,track,acq_date,acq_time,satellite,instrument,confidence,version,b
2026-09-24 08:48:48,760:INFO:CSV güncellendi: 'csv_data/TUR_VIIRS_NOAA20_NRT.csv'
2026-09-24 08:48:48,761:INFO:JSON güncellendi: 'json_data/TUR_VIIRS_NOAA20_NRT.json'
2026-09-24 08:48:48,888:INFO:API yanıtı: 200, latitude,longitude,bright_ti4,scan,track,acq_date,acq_time,satellite,instrument,confidence,version,b
2026-09-24 08:48:49,173:INFO:CSV güncellendi: 'csv_data/TUR_VIIRS_NOAA21_NRT.csv'
2026-09-24 08:48:49,174:INFO:JSON güncellendi: 'json_data/TUR_VIIRS_NOAA21_NRT.json'
2026-09-24 08:48:49,313:INFO:API yanıtı: 200, latitude,longitude,bright_ti4,scan,track,acq_date,acq_time,satellite,instrument,confidence,version,b
2026-09-24 08:48:49,600:INFO:CSV güncellendi: 'csv_data/TUR_VIIRS_SNPP_NRT.csv'
2026-09-24 08:48:49,600:INFO:JSON güncellendi: 'json_data/TUR_VIIRS_SNPP_NRT.json'
2026-09-24 08:48:49,607:INFO:SQLite güncellendi: 'sqlite_data/TUR_fire_data.db'
2026-09-24 08:48:49,816:INFO:'./available_satellites.txt' kaydedildi.
2026-09-24 16:04:14,473:ERROR:API isteği sırasında hata oluştu: HTTPSConnectionPool(host='firms.modaps.eosdis.nasa.gov', port=443): Max retries exceeded with url: /api/area/csv/938ac26ef67434a6b522389a2ac922f2/VIIRS_NOAA20_NRT/25.6,35.8,44.8,42.1/1 (Caused by NewConnectionError("HTTPSConnection(host='firms.modaps.eosdis.nasa.gov', port=443): Failed to establish a new connection: [Errno 101] Network is unreachable"))
2026-09-24 16:06:29,641:ERROR:API isteği sırasında hata oluştu: HTTPSConnectionPool(host='firms.modaps.eosdis.nasa.gov', port=443): Max retries exceeded with url: /api/area/csv/938ac26ef67434a6b522389a2ac922f2/VIIRS_NOAA21_NRT/25.6,35.8,44.8,42.1/1 (Caused by NewConnectionError("HTTPSConnection(host='firms.modaps.eosdis.nasa.gov', port=443): Failed to establish a new connection: [Errno 101] Network is unreachable"))
2026-09-24 16:08:44,809:ERROR:API isteği sırasında hata oluştu: HTTPSConnectionPool(host='firms.modaps.eosdis.nasa.gov', port=443): Max retries exceeded with url: /api/area/csv/938ac26ef67434a6b522389a2ac922f2/VIIRS_SNPP_NRT/25.6,35.8,44.8,42.1/1 (Caused by NewConnectionError("HTTPSConnection(host='firms.modaps.eosdis.nasa.gov', port=443): Failed to establish a new connection: [Errno 101] Network is unreachable"))
2026-09-24 16:10:59,977:ERROR:API isteği sırasında hata oluştu: HTTPSConnectionPool(host='firms.modaps.eosdis.nasa.gov', port=443): Max retries exceeded with url: /api/data_availability/csv/938ac26ef67434a6b522389a2ac922f2/ALL (Caused by NewConnectionError("HTTPSConnection(host='firms.modaps.eosdis.nasa.gov', port=443): Failed to establish a new connection: [Errno 101] Network is unreachable"))
2026-09-24 22:47:25,507:INFO:API yanıtı: 200, latitude,longitude,bright_ti4,scan,track,acq_date,acq_time,satellite,instrument,confidence,version,b
2026-09-24 22:47:25,777:INFO:CSV güncellendi: 'csv_data/TUR_VIIRS_NOAA20_NRT.csv'
2026-09-24 22:47:25,779:INFO:JSON güncellendi: 'json_data/TUR_VIIRS_NOAA20_NRT.json'
2026-09-24 22:47:25,895:INFO:API yanıtı: 200, latitude,longitude,bright_ti4,scan,track,acq_date,acq_time,satellite,instrument,confidence,version,b
2026-09-24 22:47:26,134:INFO:CSV güncellendi: 'csv_data/TUR_VIIRS_NOAA21_NRT.csv'
2026-09-24 22:47:26,149:INFO:JSON güncellendi: 'json_data/TUR_VIIRS_NOAA21_NRT.json'
2026-09-24 22:47:26,284:INFO:API yanıtı: 200, latitude,longitude,bright_ti4,scan,track,acq_date,acq_time,satellite,instrument,confidence,version,b
2026-09-24 22:47:26,529:INFO:CSV güncellendi: 'csv_data/TUR_VIIRS_SNPP_NRT.csv'
2026-09-24 22:47:26,530:INFO:JSON güncellendi: 'json_data/TUR_VIIRS_SNPP_NRT.json'
2026-09-24 22:47:26,575:INFO:SQLite güncellendi: 'sqlite_data/TUR_fire_data.db'
2026-09-24 22:47:26,793:INFO:'./available_satellites.txt' zaten güncel.
2026-09-25 02:14:57,703:ERROR:API isteği sırasında hata oluştu: HTTPSConnectionPool(host='firms.modaps.eosdis.nasa.gov', port=443): Max retries exceeded with url: /api/area/csv/c143a369cf4225c82e32d0a7396c05f1/VIIRS_NOAA20_NRT/25.6,35.8,44.8,42.1/1 (Caused by NewConnectionError("HTTPSConnection(host='firms.modaps.eosdis.nasa.gov', port=443): Failed to establish a new connection: [Errno 101] Network is unreachable"))
2026-09-25 02:17:12,871:ERROR:API isteği sırasında hata oluştu: HTTPSConnectionPool(host='firms.modaps.eosdis.nasa.gov', port=443): Max retries exceeded with url: /api/area/csv/c143a369cf4225c82e32d0a7396c05f1/VIIRS_NOAA21_NRT/25.6,35.8,44.8,42.1/1 (Caused by NewConnectionError("HTTPSConnection(host='firms.modaps.eosdis.nasa.gov', port=443): Failed to establish a new connection: [Errno 101] Network is unreachable"))
2026-09-25 02:19:28,039:ERROR:API isteği sırasında hata oluştu: HTTPSConnectionPool(host='firms.modaps.eosdis.nasa.gov', port=443): Max retries exceeded with url: /api/area/csv/c143a369cf4225c82e32d0a7396c05f1/VIIRS_SNPP_NRT/25.6,35.8,44.8,42.1/1 (Caused by NewConnectionError("HTTPSConnection(host='firms.modaps.eosdis.nasa.gov', port=443): Failed to establish a new connection: [Errno 101] Network is unreachable"))
2026-09-25 02:21:43,207:ERROR:API isteği sırasında hata oluştu: HTTPSConnectionPool(host='firms.modaps.eosdis.nasa.gov', port=443): Max retries exceeded with url: /api/data_availability/csv/c143a369cf4225c82e32d0a7396c05f1/ALL (Caused by NewConnectionError("HTTPSConnection(host='firms.modaps.eosdis.nasa.gov', port=443): Failed to establish a new connection: [Errno 101] Network is unreachable"))
2026-09-25 09:09:16,799:INFO:API yanıtı: 200, latitude,longitude,bright_ti4,scan,track,acq_date,acq_time,satellite,instrument,confidence,version,b
2026-09-25 09:09:17,129:INFO:CSV güncellendi: 'csv_data/TUR_VIIRS_NOAA20_NRT.csv'
2026-09-25 09:09:17,131:INFO:JSON güncellendi: 'json_data/TUR_VIIRS_NOAA20_NRT.json'
2026-09-25 09:09:17,485:INFO:API yanıtı: 200, latitude,longitude,bright_ti4,scan,track,acq_date,acq_time,satellite,instrument,confidence,version,b
2026-09-25 09:09:17,787:INFO:CSV güncellendi: 'csv_data/TUR_VIIRS_NOAA21_NRT.csv'
2026-09-25 09:09:17,788:INFO:JSON güncellendi: 'json_data/TUR_VIIRS_NOAA21_NRT.json'
2026-09-25 09:09:18,158:INFO:API yanıtı: 200, latitude,longitude,bright_ti4,scan,track,acq_date,acq_time,satellite,instrument,confidence,version,b
2026-09-25 09:09:18,449:INFO:CSV güncellendi: 'csv_data/TUR_VIIRS_SNPP_NRT.csv'
2026-09-25 09:09:18,451:INFO:JSON güncellendi: 'json_data/TUR_VIIRS_SNPP_NRT.json'
2026-09-25 09:09:18,458:INFO:SQLite güncellendi: 'sqlite_data/TUR_fire_data.db'
2026-09-25 09:09:18,948:INFO:'./available_satellites.txt' kaydedildi.
2026-09-25 16:02:21,897:INFO:API yanıtı: 200, latitude,longitude,bright_ti4,scan,track,acq_date,acq_time,satellite,instrument,confidence,version,b
2026-09-25 16:02:22,233:INFO:CSV güncellendi: 'csv_data/TUR_VIIRS_NOAA20_NRT.csv'
2026-09-25 16:02:22,235:INFO:JSON güncellendi: 'json_data/TUR_VIIRS_NOAA20_NRT.json'
2026-09-25 16:02:22,662:INFO:API yanıtı: 200, latitude,longitude,bright_ti4,scan,track,acq_date,acq_time,satellite,instrument,confidence,version,b
2026-09-25 16:02:22,984:INFO:CSV güncellendi: 'csv_data/TUR_VIIRS_NOAA21_NRT.csv'
2026-09-25 16:02:22,985:INFO:JSON güncellendi: 'json_data/TUR_VIIRS_NOAA21_NRT.json'
2026-09-25 16:02:23,349:INFO:API yanıtı: 200, latitude,longitude,bright_ti4,scan,track,acq_date,acq_time,satellite,instrument,confidence,version,b
2026-09-25 16:02:23,661:INFO:CSV güncellendi: 'csv_data/TUR_VIIRS_SNPP_NRT.csv'
2026-09-25 16:02:23,662:INFO:JSON güncellendi: 'json_data/TUR_VIIRS_SNPP_NRT.json'
2026-09-25 16:02:23,669:INFO:SQLite güncellendi: 'sqlite_data/TUR_fire_data.db'
2026-09-25 16:02:24,157:INFO:'./available_satellites.txt' zaten güncel.
2026-09-25 22:54:04,085:INFO:API yanıtı: 200, latitude,longitude,bright_ti4,scan,track,acq_date,acq_time,satellite,instrument,confidence,version,b
2026-09-25 22:54:04,410:INFO:CSV güncellendi: 'csv_data/TUR_VIIRS_NOAA20_NRT.csv'
2026-09-25 22:54:04,411:INFO:JSON güncellendi: 'json_data/TUR_VIIRS_NOAA20_NRT.json'
2026-09-25 22:54:04,536:INFO:API yanıtı: 200, latitude,longitude,bright_ti4,scan,track,acq_date,acq_time,satellite,instrument,confidence,version,b
2026-09-25 22:54:04,838:INFO:CSV güncellendi: 'csv_data/TUR_VIIRS_NOAA21_NRT.csv'
2026-09-25 22:54:04,839:INFO:JSON güncellendi: 'json_data/TUR_VIIRS_NOAA21_NRT.json'
2026-09-25 22:54:04,975:INFO:API yanıtı: 200, latitude,longitude,bright_ti4,scan,track,acq_date,acq_time,satellite,instrument,confidence,version,b
2026-09-25 22:54:05,269:INFO:CSV güncellendi: 'csv_data/TUR_VIIRS_SNPP_NRT.csv'
2026-09-25 22:54:05,270:INFO:JSON güncellendi: 'json_data/TUR_VIIRS_SNPP_NRT.json'
2026-09-25 22:54:05,281:INFO:SQLite güncellendi: 'sqlite_data/TUR_fire_data.db'
2026-09-25 22:54:05,567:INFO:'./available_satellites.txt' zaten güncel.
2026-09-26 02:18:14,580:INFO:API yanıtı: 200, latitude,longitude,bright_ti4,scan,track,acq_date,acq_time,satellite,instrument,confidence,version,b
2026-09-26 02:18:14,896:INFO:CSV güncellendi: 'csv_data/TUR_VIIRS_NOAA20_NRT.csv'
2026-09-26 02:18:14,897:INFO:JSON güncellendi: 'json_data/TUR_VIIRS_NOAA20_NRT.json'
2026-09-26 02:18:15,009:INFO:API yanıtı: 200, latitude,longitude,bright_ti4,scan,track,acq_date,acq_time,satellite,instrument,confidence,version,b
2026-09-26 02:18:15,292:INFO:CSV güncellendi: 'csv_data/TUR_VIIRS_NOAA21_NRT.csv'
2026-09-26 02:18:15,293:INFO:JSON güncellendi: 'json_data/TUR_VIIRS_NOAA21_NRT.json'
2026-09-26 02:18:15,394:INFO:API yanıtı: 200, latitude,longitude,bright_ti4,scan,track,acq_date,acq_time,satellite,instrument,confidence,version,b
2026-09-26 02:18:15,699:INFO:CSV güncellendi: 'csv_data/TUR_VIIRS_SNPP_NRT.csv'
2026-09-26 02:18:15,701:INFO:JSON güncellendi: 'json_data/TUR_VIIRS_SNPP_NRT.json'
2026-09-26 02:18:15,708:INFO:SQLite güncellendi: 'sqlite_data/TUR_fire_data.db'
2026-09-26 02:18:15,885:INFO:'./available_satellites.txt' kaydedildi.
2026-09-26 08:52:54,007:INFO:API yanıtı: 200, latitude,longitude,bright_ti4,scan,track,acq_date,acq_time,satellite,instrument,confidence,version,b
2026-09-26 08:52:54,331:INFO:CSV güncellendi: 'csv_data/TUR_VIIRS_NOAA20_NRT.csv'
2026-09-26 08:52:54,333:INFO:JSON güncellendi: 'json_data/TUR_VIIRS_NOAA20_NRT.json'
2026-09-26 08:52:54,456:INFO:API yanıtı: 200, latitude,longitude,bright_ti4,scan,track,acq_date,acq_time,satellite,instrument,confidence,version,b
2026-09-26 08:52:54,743:INFO:CSV güncellendi: 'csv_data/TUR_VIIRS_NOAA21_NRT.csv'
2026-09-26 08:52:54,748:INFO:JSON güncellendi: 'json_data/TUR_VIIRS_NOAA21_NRT.json'
2026-09-26 08:52:54,872:INFO:API yanıtı: 200, latitude,longitude,bright_ti4,scan,track,acq_date,acq_time,satellite,instrument,confidence,version,b
2026-09-26 08:52:55,157:INFO:CSV güncellendi: 'csv_data/TUR_VIIRS_SNPP_NRT.csv'
2026-09-26 08:52:55,158:INFO:JSON güncellendi: 'json_data/TUR_VIIRS_SNPP_NRT.json'
2026-09-26 08:52:55,166:INFO:SQLite güncellendi: 'sqlite_data/TUR_fire_data.db'
2026-09-26 08:52:55,397:INFO:'./available_satellites.txt' kaydedildi.
2026-09-26 15:15:11,956:INFO:API yanıtı: 200, latitude,longitude,bright_ti4,scan,track,acq_date,acq_time,satellite,instrument,confidence,version,b
2026-09-26 15:15:12,278:INFO:CSV güncellendi: 'csv_data/TUR_VIIRS_NOAA20_NRT.csv'
2026-09-26 15:15:12,279:INFO:JSON güncellendi: 'json_data/TUR_VIIRS_NOAA20_NRT.json'
2026-09-26 15:15:12,400:INFO:API yanıtı: 200, latitude,longitude,bright_ti4,scan,track,acq_date,acq_time,satellite,instrument,confidence,version,b
2026-09-26 15:15:12,703:INFO:CSV güncellendi: 'csv_data/TUR_VIIRS_NOAA21_NRT.csv'
2026-09-26 15:15:12,705:INFO:JSON güncellendi: 'json_data/TUR_VIIRS_NOAA21_NRT.json'
2026-09-26 15:15:12,870:INFO:API yanıtı: 200, latitude,longitude,bright_ti4,scan,track,acq_date,acq_time,satellite,instrument,confidence,version,b
2026-09-26 15:15:13,154:INFO:CSV güncellendi: 'csv_data/TUR_VIIRS_SNPP_NRT.csv'
2026-09-26 15:15:13,155:INFO:JSON güncellendi: 'json_data/TUR_VIIRS_SNPP_NRT.json'
2026-09-26 15:15:13,164:INFO:SQLite güncellendi: 'sqlite_data/TUR_fire_data.db'
2026-09-26 15:15:13,405:INFO:'./available_satellites.txt' kaydedildi.
2026-09-26 18:46:50,028:INFO:API yanıtı: 200, latitude,longitude,bright_ti4,scan,track,acq_date,acq_time,satellite,instrument,confidence,version,b
2026-09-26 18:46:50,260:INFO:CSV güncellendi: 'csv_data/TUR_VIIRS_NOAA20_NRT.csv'
2026-09-26 18:46:50,261:INFO:JSON güncellendi: 'json_data/TUR_VIIRS_NOAA20_NRT.json'
2026-09-26 18:46:50,496:INFO:API yanıtı: 200, latitude,longitude,bright_ti4,scan,track,acq_date,acq_time,satellite,instrument,confidence,version,b
2026-09-26 18:46:50,717:INFO:CSV güncellendi: 'csv_data/TUR_VIIRS_NOAA21_NRT.csv'
2026-09-26 18:46:50,718:INFO:JSON güncellendi: 'json_data/TUR_VIIRS_NOAA21_NRT.json'
2026-09-26 18:46:50,987:INFO:API yanıtı: 200, latitude,longitude,bright_ti4,scan,track,acq_date,acq_time,satellite,instrument,confidence,version,b
2026-09-26 18:46:51,204:INFO:CSV güncellendi: 'csv_data/TUR_VIIRS_SNPP_NRT.csv'
2026-09-26 18:46:51,205:INFO:JSON güncellendi: 'json_data/TUR_VIIRS_SNPP_NRT.json'
2026-09-26 18:46:51,239:INFO:SQLite güncellendi: 'sqlite_data/TUR_fire_data.db'
2026-09-26 18:46:51,538:INFO:'./available_satellites.txt' zaten güncel.
2026-09-26 22:14:18,815:INFO:API yanıtı: 200, latitude,longitude,bright_ti4,scan,track,acq_date,acq_time,satellite,instrument,confidence,version,b
2026-09-26 22:14:19,167:INFO:CSV güncellendi: 'csv_data/TUR_VIIRS_NOAA20_NRT.csv'
2026-09-26 22:14:19,168:INFO:JSON güncellendi: 'json_data/TUR_VIIRS_NOAA20_NRT.json'
2026-09-26 22:14:19,543:INFO:API yanıtı: 200, latitude,longitude,bright_ti4,scan,track,acq_date,acq_time,satellite,instrument,confidence,version,b
2026-09-26 22:14:19,862:INFO:CSV güncellendi: 'csv_data/TUR_VIIRS_NOAA21_NRT.csv'
2026-09-26 22:14:19,863:INFO:JSON güncellendi: 'json_data/TUR_VIIRS_NOAA21_NRT.json'
2026-09-26 22:14:20,231:INFO:API yanıtı: 200, latitude,longitude,bright_ti4,scan,track,acq_date,acq_time,satellite,instrument,confidence,version,b
2026-09-26 22:14:20,542:INFO:CSV güncellendi: 'csv_data/TUR_VIIRS_SNPP_NRT.csv'
2026-09-26 22:14:20,543:INFO:JSON güncellendi: 'json_data/TUR_VIIRS_SNPP_NRT.json'
2026-09-26 22:14:20,554:INFO:SQLite güncellendi: 'sqlite_data/TUR_fire_data.db'
2026-09-26 22:14:20,966:INFO:'./available_satellites.txt' zaten güncel.
2026-09-27 02:13:48,836:INFO:API yanıtı: 200, latitude,longitude,bright_ti4,scan,track,acq_date,acq_time,satellite,instrument,confidence,version,b
2026-09-27 02:13:49,161:INFO:CSV güncellendi: 'csv_data/TUR_VIIRS_NOAA20_NRT.csv'
2026-09-27 02:13:49,161:INFO:JSON güncellendi: 'json_data/TUR_VIIRS_NOAA20_NRT.json'
2026-09-27 02:13:49,274:INFO:API yanıtı: 200, latitude,longitude,bright_ti4,scan,track,acq_date,acq_time,satellite,instrument,confidence,version,b
2026-09-27 02:13:49,559:INFO:CSV güncellendi: 'csv_data/TUR_VIIRS_NOAA21_NRT.csv'
2026-09-27 02:13:49,559:INFO:JSON güncellendi: 'json_data/TUR_VIIRS_NOAA21_NRT.json'
2026-09-27 02:13:49,708:INFO:API yanıtı: 200, latitude,longitude,bright_ti4,scan,track,acq_date,acq_time,satellite,instrument,confidence,version,b
2026-09-27 02:13:49,995:INFO:CSV güncellendi: 'csv_data/TUR_VIIRS_SNPP_NRT.csv'
2026-09-27 02:13:49,995:INFO:JSON güncellendi: 'json_data/TUR_VIIRS_SNPP_NRT.json'
2026-09-27 02:13:50,004:INFO:SQLite güncellendi: 'sqlite_data/TUR_fire_data.db'
2026-09-27 02:13:50,214:INFO:'./available_satellites.txt' kaydedildi.
2026-09-27 09:38:50,371:ERROR:API isteği sırasında hata oluştu: HTTPSConnectionPool(host='firms.modaps.eosdis.nasa.gov', port=443): Max retries exceeded with url: /api/area/csv/d3471212f78bca8120b070459b9ab3c5/VIIRS_NOAA20_NRT/25.6,35.8,44.8,42.1/1 (Caused by NewConnectionError("HTTPSConnection(host='firms.modaps.eosdis.nasa.gov', port=443): Failed to establish a new connection: [Errno 101] Network is unreachable"))
2026-09-27 09:41:05,539:ERROR:API isteği sırasında hata oluştu: HTTPSConnectionPool(host='firms.modaps.eosdis.nasa.gov', port=443): Max retries exceeded with url: /api/area/csv/d3471212f78bca8120b070459b9ab3c5/VIIRS_NOAA21_NRT/25.6,35.8,44.8,42.1/1 (Caused by NewConnectionError("HTTPSConnection(host='firms.modaps.eosdis.nasa.gov', port=443): Failed to establish a new connection: [Errno 101] Network is unreachable"))
2026-09-27 09:43:20,707:ERROR:API isteği sırasında hata oluştu: HTTPSConnectionPool(host='firms.modaps.eosdis.nasa.gov', port=443): Max retries exceeded with url: /api/area/csv/d3471212f78bca8120b070459b9ab3c5/VIIRS_SNPP_NRT/25.6,35.8,44.8,42.1/1 (Caused by NewConnectionError("HTTPSConnection(host='firms.modaps.eosdis.nasa.gov', port=443): Failed to establish a new connection: [Errno 101] Network is unreachable"))
2026-09-27 09:45:35,875:ERROR:API isteği sırasında hata oluştu: HTTPSConnectionPool(host='firms.modaps.eosdis.nasa.gov', port=443): Max retries exceeded with url: /api/data_availability/csv/d3471212f78bca8120b070459b9ab3c5/ALL (Caused by NewConnectionError("HTTPSConnection(host='firms.modaps.eosdis.nasa.gov', port=443): Failed to establish a new connection: [Errno 101] Network is unreachable"))
2026-09-27 15:55:11,457:INFO:API yanıtı: 200, latitude,longitude,bright_ti4,scan,track,acq_date,acq_time,satellite,instrument,confidence,version,b
2026-09-27 15:55:11,792:INFO:CSV güncellendi: 'csv_data/TUR_VIIRS_NOAA20_NRT.csv'
2026-09-27 15:55:11,794:INFO:JSON güncellendi: 'json_data/TUR_VIIRS_NOAA20_NRT.json'
2026-09-27 15:55:12,257:INFO:API yanıtı: 200, latitude,longitude,bright_ti4,scan,track,acq_date,acq_time,satellite,instrument,confidence,version,b
2026-09-27 15:55:12,556:INFO:CSV güncellendi: 'csv_data/TUR_VIIRS_NOAA21_NRT.csv'
2026-09-27 15:55:12,557:INFO:JSON güncellendi: 'json_data/TUR_VIIRS_NOAA21_NRT.json'
2026-09-27 15:55:13,000:INFO:API yanıtı: 200, latitude,longitude,bright_ti4,scan,track,acq_date,acq_time,satellite,instrument,confidence,version,b
2026-09-27 15:55:13,321:INFO:CSV güncellendi: 'csv_data/TUR_VIIRS_SNPP_NRT.csv'
2026-09-27 15:55:13,323:INFO:JSON güncellendi: 'json_data/TUR_VIIRS_SNPP_NRT.json'
2026-09-27 15:55:13,334:INFO:SQLite güncellendi: 'sqlite_data/TUR_fire_data.db'
2026-09-27 15:55:13,796:INFO:'./available_satellites.txt' kaydedildi.
2026-09-27 19:22:13,982:INFO:API yanıtı: 200, latitude,longitude,bright_ti4,scan,track,acq_date,acq_time,satellite,instrument,confidence,version,b
2026-09-27 19:22:14,309:INFO:CSV güncellendi: 'csv_data/TUR_VIIRS_NOAA20_NRT.csv'
2026-09-27 19:22:14,310:INFO:JSON güncellendi: 'json_data/TUR_VIIRS_NOAA20_NRT.json'
2026-09-27 19:22:14,518:INFO:API yanıtı: 200, latitude,longitude,bright_ti4,scan,track,acq_date,acq_time,satellite,instrument,confidence,version,b
2026-09-27 19:22:14,816:INFO:CSV güncellendi: 'csv_data/TUR_VIIRS_NOAA21_NRT.csv'
2026-09-27 19:22:14,817:INFO:JSON güncellendi: 'json_data/TUR_VIIRS_NOAA21_NRT.json'
2026-09-27 19:22:15,031:INFO:API yanıtı: 200, latitude,longitude,bright_ti4,scan,track,acq_date,acq_time,satellite,instrument,confidence,version,b
2026-09-27 19:22:15,328:INFO:CSV güncellendi: 'csv_data/TUR_VIIRS_SNPP_NRT.csv'
2026-09-27 19:22:15,329:INFO:JSON güncellendi: 'json_data/TUR_VIIRS_SNPP_NRT.json'
2026-09-27 19:22:15,342:INFO:SQLite güncellendi: 'sqlite_data/TUR_fire_data.db'
2026-09-27 19:22:15,646:INFO:'./available_satellites.txt' zaten güncel.
2026-09-27 22:38:14,074:INFO:API yanıtı: 200, latitude,longitude,bright_ti4,scan,track,acq_date,acq_time,satellite,instrument,confidence,version,b
2026-09-27 22:38:14,402:INFO:CSV güncellendi: 'csv_data/TUR_VIIRS_NOAA20_NRT.csv'
2026-09-27 22:38:14,403:INFO:JSON güncellendi: 'json_data/TUR_VIIRS_NOAA20_NRT.json'
2026-09-27 22:38:14,586:INFO:API yanıtı: 200, latitude,longitude,bright_ti4,scan,track,acq_date,acq_time,satellite,instrument,confidence,version,b
2026-09-27 22:38:14,884:INFO:CSV güncellendi: 'csv_data/TUR_VIIRS_NOAA21_NRT.csv'
2026-09-27 22:38:14,886:INFO:JSON güncellendi: 'json_data/TUR_VIIRS_NOAA21_NRT.json'
2026-09-27 22:38:15,005:INFO:API yanıtı: 200, latitude,longitude,bright_ti4,scan,track,acq_date,acq_time,satellite,instrument,confidence,version,b
2026-09-27 22:38:15,297:INFO:CSV güncellendi: 'csv_data/TUR_VIIRS_SNPP_NRT.csv'
2026-09-27 22:38:15,298:INFO:JSON güncellendi: 'json_data/TUR_VIIRS_SNPP_NRT.json'
2026-09-27 22:38:15,310:INFO:SQLite güncellendi: 'sqlite_data/TUR_fire_data.db'
2026-09-27 22:38:15,579:INFO:'./available_satellites.txt' zaten güncel.
2026-09-28 02:19:37,808:ERROR:API isteği sırasında hata oluştu: HTTPSConnectionPool(host='firms.modaps.eosdis.nasa.gov', port=443): Max retries exceeded with url: /api/area/csv/0f54aa3f5bc352c9e51154caecc3e264/VIIRS_NOAA20_NRT/25.6,35.8,44.8,42.1/1 (Caused by NewConnectionError("HTTPSConnection(host='firms.modaps.eosdis.nasa.gov', port=443): Failed to establish a new connection: [Errno 101] Network is unreachable"))
2026-09-28 02:21:52,976:ERROR:API isteği sırasında hata oluştu: HTTPSConnectionPool(host='firms.modaps.eosdis.nasa.gov', port=443): Max retries exceeded with url: /api/area/csv/0f54aa3f5bc352c9e51154caecc3e264/VIIRS_NOAA21_NRT/25.6,35.8,44.8,42.1/1 (Caused by NewConnectionError("HTTPSConnection(host='firms.modaps.eosdis.nasa.gov', port=443): Failed to establish a new connection: [Errno 101] Network is unreachable"))
2026-09-28 02:24:08,144:ERROR:API isteği sırasında hata oluştu: HTTPSConnectionPool(host='firms.modaps.eosdis.nasa.gov', port=443): Max retries exceeded with url: /api/area/csv/0f54aa3f5bc352c9e51154caecc3e264/VIIRS_SNPP_NRT/25.6,35.8,44.8,42.1/1 (Caused by NewConnectionError("HTTPSConnection(host='firms.modaps.eosdis.nasa.gov', port=443): Failed to establish a new connection: [Errno 101] Network is unreachable"))
2026-09-28 02:26:23,312:ERROR:API isteği sırasında hata oluştu: HTTPSConnectionPool(host='firms.modaps.eosdis.nasa.gov', port=443): Max retries exceeded with url: /api/data_availability/csv/0f54aa3f5bc352c9e51154caecc3e264/ALL (Caused by NewConnectionError("HTTPSConnection(host='firms.modaps.eosdis.nasa.gov', port=443): Failed to establish a new connection: [Errno 101] Network is unreachable"))
2026-09-28 10:14:54,608:INFO:API yanıtı: 200, latitude,longitude,bright_ti4,scan,track,acq_date,acq_time,satellite,instrument,confidence,version,b
2026-09-28 10:14:54,970:INFO:CSV güncellendi: 'csv_data/TUR_VIIRS_NOAA20_NRT.csv'
2026-09-28 10:14:54,971:INFO:JSON güncellendi: 'json_data/TUR_VIIRS_NOAA20_NRT.json'
2026-09-28 10:14:55,168:INFO:API yanıtı: 200, latitude,longitude,bright_ti4,scan,track,acq_date,acq_time,satellite,instrument,confidence,version,b
2026-09-28 10:14:55,485:INFO:CSV güncellendi: 'csv_data/TUR_VIIRS_NOAA21_NRT.csv'
2026-09-28 10:14:55,485:INFO:JSON güncellendi: 'json_data/TUR_VIIRS_NOAA21_NRT.json'
2026-09-28 10:14:55,662:INFO:API yanıtı: 200, latitude,longitude,bright_ti4,scan,track,acq_date,acq_time,satellite,instrument,confidence,version,b
2026-09-28 10:14:55,984:INFO:CSV güncellendi: 'csv_data/TUR_VIIRS_SNPP_NRT.csv'
2026-09-28 10:14:55,984:INFO:JSON güncellendi: 'json_data/TUR_VIIRS_SNPP_NRT.json'
2026-09-28 10:14:55,992:INFO:SQLite güncellendi: 'sqlite_data/TUR_fire_data.db'
2026-09-28 10:14:56,242:INFO:'./available_satellites.txt' kaydedildi.
2026-09-28 18:51:53,199:INFO:API yanıtı: 200, latitude,longitude,bright_ti4,scan,track,acq_date,acq_time,satellite,instrument,confidence,version,b
2026-09-28 18:51:53,547:INFO:CSV güncellendi: 'csv_data/TUR_VIIRS_NOAA20_NRT.csv'
2026-09-28 18:51:53,548:INFO:JSON güncellendi: 'json_data/TUR_VIIRS_NOAA20_NRT.json'
2026-09-28 18:51:53,939:INFO:API yanıtı: 200, latitude,longitude,bright_ti4,scan,track,acq_date,acq_time,satellite,instrument,confidence,version,b
2026-09-28 18:51:54,258:INFO:CSV güncellendi: 'csv_data/TUR_VIIRS_NOAA21_NRT.csv'
2026-09-28 18:51:54,259:INFO:JSON güncellendi: 'json_data/TUR_VIIRS_NOAA21_NRT.json'
2026-09-28 18:51:54,613:INFO:API yanıtı: 200, latitude,longitude,bright_ti4,scan,track,acq_date,acq_time,satellite,instrument,confidence,version,b
2026-09-28 18:51:54,921:INFO:CSV güncellendi: 'csv_data/TUR_VIIRS_SNPP_NRT.csv'
2026-09-28 18:51:54,922:INFO:JSON güncellendi: 'json_data/TUR_VIIRS_SNPP_NRT.json'
2026-09-28 18:51:54,930:INFO:SQLite güncellendi: 'sqlite_data/TUR_fire_data.db'
2026-09-28 18:51:55,379:INFO:'./available_satellites.txt' zaten güncel.
2026-09-29 00:01:16,360:INFO:API yanıtı: 200, latitude,longitude,bright_ti4,scan,track,acq_date,acq_time,satellite,instrument,confidence,version,b
2026-09-29 00:01:16,703:INFO:CSV güncellendi: 'csv_data/TUR_VIIRS_NOAA20_NRT.csv'
2026-09-29 00:01:16,703:INFO:JSON güncellendi: 'json_data/TUR_VIIRS_NOAA20_NRT.json'
2026-09-29 00:01:17,077:INFO:API yanıtı: 200, latitude,longitude,bright_ti4,scan,track,acq_date,acq_time,satellite,instrument,confidence,version,b
2026-09-29 00:01:17,369:INFO:CSV güncellendi: 'csv_data/TUR_VIIRS_NOAA21_NRT.csv'
2026-09-29 00:01:17,369:INFO:JSON güncellendi: 'json_data/TUR_VIIRS_NOAA21_NRT.json'
2026-09-29 00:01:17,732:INFO:API yanıtı: 200, latitude,longitude,bright_ti4,scan,track,acq_date,acq_time,satellite,instrument,confidence,version,b
2026-09-29 00:01:18,038:INFO:CSV güncellendi: 'csv_data/TUR_VIIRS_SNPP_NRT.csv'
2026-09-29 00:01:18,039:INFO:JSON güncellendi: 'json_data/TUR_VIIRS_SNPP_NRT.json'
2026-09-29 00:01:18,047:INFO:SQLite güncellendi: 'sqlite_data/TUR_fire_data.db'
2026-09-29 00:01:18,595:INFO:'./available_satellites.txt' zaten güncel.
2026-09-29 10:11:35,789:INFO:API yanıtı: 200, latitude,longitude,bright_ti4,scan,track,acq_date,acq_time,satellite,instrument,confidence,version,b
2026-09-29 10:11:36,171:INFO:CSV güncellendi: 'csv_data/TUR_VIIRS_NOAA20_NRT.csv'
2026-09-29 10:11:36,172:INFO:JSON güncellendi: 'json_data/TUR_VIIRS_NOAA20_NRT.json'
2026-09-29 10:11:36,513:INFO:API yanıtı: 200, latitude,longitude,bright_ti4,scan,track,acq_date,acq_time,satellite,instrument,confidence,version,b
2026-09-29 10:11:36,808:INFO:CSV güncellendi: 'csv_data/TUR_VIIRS_NOAA21_NRT.csv'
2026-09-29 10:11:36,809:INFO:JSON güncellendi: 'json_data/TUR_VIIRS_NOAA21_NRT.json'
2026-09-29 10:11:37,179:INFO:API yanıtı: 200, latitude,longitude,bright_ti4,scan,track,acq_date,acq_time,satellite,instrument,confidence,version,b
2026-09-29 10:11:37,474:INFO:CSV güncellendi: 'csv_data/TUR_VIIRS_SNPP_NRT.csv'
2026-09-29 10:11:37,475:INFO:JSON güncellendi: 'json_data/TUR_VIIRS_SNPP_NRT.json'
2026-09-29 10:11:37,483:INFO:SQLite güncellendi: 'sqlite_data/TUR_fire_data.db'
2026-09-29 10:11:37,900:INFO:'./available_satellites.txt' kaydedildi.
2026-09-29 17:09:13,014:INFO:API yanıtı: 200, latitude,longitude,bright_ti4,scan,track,acq_date,acq_time,satellite,instrument,confidence,version,b
2026-09-29 17:09:13,412:INFO:CSV güncellendi: 'csv_data/TUR_VIIRS_NOAA20_NRT.csv'
2026-09-29 17:09:13,413:INFO:JSON güncellendi: 'json_data/TUR_VIIRS_NOAA20_NRT.json'
2026-09-29 17:09:13,570:INFO:API yanıtı: 200, latitude,longitude,bright_ti4,scan,track,acq_date,acq_time,satellite,instrument,confidence,version,b
2026-09-29 17:09:13,952:INFO:CSV güncellendi: 'csv_data/TUR_VIIRS_NOAA21_NRT.csv'
2026-09-29 17:09:14,074:INFO:JSON güncellendi: 'json_data/TUR_VIIRS_NOAA21_NRT.json'
2026-09-29 17:09:14,169:INFO:API yanıtı: 200, latitude,longitude,bright_ti4,scan,track,acq_date,acq_time,satellite,instrument,confidence,version,b
2026-09-29 17:09:14,435:INFO:CSV güncellendi: 'csv_data/TUR_VIIRS_SNPP_NRT.csv'
2026-09-29 17:09:14,556:INFO:JSON güncellendi: 'json_data/TUR_VIIRS_SNPP_NRT.json'
2026-09-29 17:09:15,729:INFO:SQLite güncellendi: 'sqlite_data/TUR_fire_data.db'
2026-09-29 17:09:15,964:INFO:'./available_satellites.txt' kaydedildi.
2026-09-29 23:15:03,369:INFO:API yanıtı: 200, latitude,longitude,bright_ti4,scan,track,acq_date,acq_time,satellite,instrument,confidence,version,b
2026-09-29 23:15:03,647:INFO:CSV güncellendi: 'csv_data/TUR_VIIRS_NOAA20_NRT.csv'
2026-09-29 23:15:03,648:INFO:JSON güncellendi: 'json_data/TUR_VIIRS_NOAA20_NRT.json'
2026-09-29 23:15:03,808:INFO:API yanıtı: 200, latitude,longitude,bright_ti4,scan,track,acq_date,acq_time,satellite,instrument,confidence,version,b
2026-09-29 23:15:04,059:INFO:CSV güncellendi: 'csv_data/TUR_VIIRS_NOAA21_NRT.csv'
2026-09-29 23:15:04,059:INFO:JSON güncellendi: 'json_data/TUR_VIIRS_NOAA21_NRT.json'
2026-09-29 23:15:04,190:INFO:API yanıtı: 200, latitude,longitude,bright_ti4,scan,track,acq_date,acq_time,satellite,instrument,confidence,version,b
2026-09-29 23:15:04,439:INFO:CSV güncellendi: 'csv_data/TUR_VIIRS_SNPP_NRT.csv'
2026-09-29 23:15:04,440:INFO:JSON güncellendi: 'json_data/TUR_VIIRS_SNPP_NRT.json'
2026-09-29 23:15:04,484:INFO:SQLite güncellendi: 'sqlite_data/TUR_fire_data.db'
2026-09-29 23:15:04,736:INFO:'./available_satellites.txt' zaten güncel.
2026-09-30 02:43:57,134:INFO:API yanıtı: 200, latitude,longitude,bright_ti4,scan,track,acq_date,acq_time,satellite,instrument,confidence,version,b
2026-09-30 02:43:57,467:INFO:CSV güncellendi: 'csv_data/TUR_VIIRS_NOAA20_NRT.csv'
2026-09-30 02:43:57,468:INFO:JSON güncellendi: 'json_data/TUR_VIIRS_NOAA20_NRT.json'
2026-09-30 02:43:57,817:INFO:API yanıtı: 200, latitude,longitude,bright_ti4,scan,track,acq_date,acq_time,satellite,instrument,confidence,version,b
2026-09-30 02:43:58,114:INFO:CSV güncellendi: 'csv_data/TUR_VIIRS_NOAA21_NRT.csv'
2026-09-30 02:43:58,116:INFO:JSON güncellendi: 'json_data/TUR_VIIRS_NOAA21_NRT.json'
2026-09-30 02:43:58,474:INFO:API yanıtı: 200, latitude,longitude,bright_ti4,scan,track,acq_date,acq_time,satellite,instrument,confidence,version,b
2026-09-30 02:43:58,771:INFO:CSV güncellendi: 'csv_data/TUR_VIIRS_SNPP_NRT.csv'
2026-09-30 02:43:58,772:INFO:JSON güncellendi: 'json_data/TUR_VIIRS_SNPP_NRT.json'
2026-09-30 02:43:58,782:INFO:SQLite güncellendi: 'sqlite_data/TUR_fire_data.db'
2026-09-30 02:43:59,211:INFO:'./available_satellites.txt' kaydedildi.
2026-09-30 10:03:28,054:INFO:API yanıtı: 200, latitude,longitude,bright_ti4,scan,track,acq_date,acq_time,satellite,instrument,confidence,version,b
2026-09-30 10:03:28,348:INFO:CSV güncellendi: 'csv_data/TUR_VIIRS_NOAA20_NRT.csv'
2026-09-30 10:03:28,349:INFO:JSON güncellendi: 'json_data/TUR_VIIRS_NOAA20_NRT.json'
2026-09-30 10:03:28,690:INFO:API yanıtı: 200, latitude,longitude,bright_ti4,scan,track,acq_date,acq_time,satellite,instrument,confidence,version,b
2026-09-30 10:03:28,942:INFO:CSV güncellendi: 'csv_data/TUR_VIIRS_NOAA21_NRT.csv'
2026-09-30 10:03:28,942:INFO:JSON güncellendi: 'json_data/TUR_VIIRS_NOAA21_NRT.json'
2026-09-30 10:03:29,263:INFO:API yanıtı: 200, latitude,longitude,bright_ti4,scan,track,acq_date,acq_time,satellite,instrument,confidence,version,b
2026-09-30 10:03:29,524:INFO:CSV güncellendi: 'csv_data/TUR_VIIRS_SNPP_NRT.csv'
2026-09-30 10:03:29,525:INFO:JSON güncellendi: 'json_data/TUR_VIIRS_SNPP_NRT.json'
2026-09-30 10:03:29,609:INFO:SQLite güncellendi: 'sqlite_data/TUR_fire_data.db'
2026-09-30 10:03:30,028:INFO:'./available_satellites.txt' kaydedildi.
2026-09-30 17:07:12,442:INFO:API yanıtı: 200, latitude,longitude,bright_ti4,scan,track,acq_date,acq_time,satellite,instrument,confidence,version,b
2026-09-30 17:07:12,686:INFO:CSV güncellendi: 'csv_data/TUR_VIIRS_NOAA20_NRT.csv'
2026-09-30 17:07:12,687:INFO:JSON güncellendi: 'json_data/TUR_VIIRS_NOAA20_NRT.json'
2026-09-30 17:07:12,941:INFO:API yanıtı: 200, latitude,longitude,bright_ti4,scan,track,acq_date,acq_time,satellite,instrument,confidence,version,b
2026-09-30 17:07:13,155:INFO:CSV güncellendi: 'csv_data/TUR_VIIRS_NOAA21_NRT.csv'
2026-09-30 17:07:13,156:INFO:JSON güncellendi: 'json_data/TUR_VIIRS_NOAA21_NRT.json'
2026-09-30 17:07:13,386:INFO:API yanıtı: 200, latitude,longitude,bright_ti4,scan,track,acq_date,acq_time,satellite,instrument,confidence,version,b
2026-09-30 17:07:13,605:INFO:CSV güncellendi: 'csv_data/TUR_VIIRS_SNPP_NRT.csv'
2026-09-30 17:07:13,606:INFO:JSON güncellendi: 'json_data/TUR_VIIRS_SNPP_NRT.json'
2026-09-30 17:07:14,055:INFO:SQLite güncellendi: 'sqlite_data/TUR_fire_data.db'
2026-09-30 17:07:14,367:INFO:'./available_satellites.txt' zaten güncel.
2026-09-30 23:17:16,015:INFO:API yanıtı: 200, latitude,longitude,bright_ti4,scan,track,acq_date,acq_time,satellite,instrument,confidence,version,b
2026-09-30 23:17:16,355:INFO:CSV güncellendi: 'csv_data/TUR_VIIRS_NOAA20_NRT.csv'
2026-09-30 23:17:16,356:INFO:JSON güncellendi: 'json_data/TUR_VIIRS_NOAA20_NRT.json'
2026-09-30 23:17:16,786:INFO:API yanıtı: 200, latitude,longitude,bright_ti4,scan,track,acq_date,acq_time,satellite,instrument,confidence,version,b
2026-09-30 23:17:17,098:INFO:CSV güncellendi: 'csv_data/TUR_VIIRS_NOAA21_NRT.csv'
2026-09-30 23:17:17,099:INFO:JSON güncellendi: 'json_data/TUR_VIIRS_NOAA21_NRT.json'
2026-09-30 23:17:17,515:INFO:API yanıtı: 200, latitude,longitude,bright_ti4,scan,track,acq_date,acq_time,satellite,instrument,confidence,version,b
2026-09-30 23:17:17,828:INFO:CSV güncellendi: 'csv_data/TUR_VIIRS_SNPP_NRT.csv'
2026-09-30 23:17:17,829:INFO:JSON güncellendi: 'json_data/TUR_VIIRS_SNPP_NRT.json'
2026-09-30 23:17:17,839:INFO:SQLite güncellendi: 'sqlite_data/TUR_fire_data.db'
2026-09-30 23:17:18,306:INFO:'./available_satellites.txt' zaten güncel.
2026-10-01 02:49:10,711:INFO:API yanıtı: 200, latitude,longitude,bright_ti4,scan,track,acq_date,acq_time,satellite,instrument,confidence,version,b
2026-10-01 02:49:10,990:INFO:CSV güncellendi: 'csv_data/TUR_VIIRS_NOAA20_NRT.csv'
2026-10-01 02:49:10,991:INFO:JSON güncellendi: 'json_data/TUR_VIIRS_NOAA20_NRT.json'
2026-10-01 02:49:11,324:INFO:API yanıtı: 200, latitude,longitude,bright_ti4,scan,track,acq_date,acq_time,satellite,instrument,confidence,version,b
2026-10-01 02:49:11,593:INFO:CSV güncellendi: 'csv_data/TUR_VIIRS_NOAA21_NRT.csv'
2026-10-01 02:49:11,613:INFO:JSON güncellendi: 'json_data/TUR_VIIRS_NOAA21_NRT.json'
2026-10-01 02:49:11,954:INFO:API yanıtı: 200, latitude,longitude,bright_ti4,scan,track,acq_date,acq_time,satellite,instrument,confidence,version,b
2026-10-01 02:49:12,254:INFO:CSV güncellendi: 'csv_data/TUR_VIIRS_SNPP_NRT.csv'
2026-10-01 02:49:12,369:INFO:JSON güncellendi: 'json_data/TUR_VIIRS_SNPP_NRT.json'
2026-10-01 02:49:12,799:INFO:SQLite güncellendi: 'sqlite_data/TUR_fire_data.db'
2026-10-01 02:49:13,213:INFO:'./available_satellites.txt' kaydedildi.
2026-10-01 10:31:26,233:INFO:API yanıtı: 200, latitude,longitude,bright_ti4,scan,track,acq_date,acq_time,satellite,instrument,confidence,version,b
2026-10-01 10:31:26,570:INFO:CSV güncellendi: 'csv_data/TUR_VIIRS_NOAA20_NRT.csv'
2026-10-01 10:31:26,571:INFO:JSON güncellendi: 'json_data/TUR_VIIRS_NOAA20_NRT.json'
2026-10-01 10:31:26,729:INFO:API yanıtı: 200, latitude,longitude,bright_ti4,scan,track,acq_date,acq_time,satellite,instrument,confidence,version,b
2026-10-01 10:31:27,025:INFO:CSV güncellendi: 'csv_data/TUR_VIIRS_NOAA21_NRT.csv'
2026-10-01 10:31:27,025:INFO:JSON güncellendi: 'json_data/TUR_VIIRS_NOAA21_NRT.json'
2026-10-01 10:31:27,196:INFO:API yanıtı: 200, latitude,longitude,bright_ti4,scan,track,acq_date,acq_time,satellite,instrument,confidence,version,b
2026-10-01 10:31:27,500:INFO:CSV güncellendi: 'csv_data/TUR_VIIRS_SNPP_NRT.csv'
2026-10-01 10:31:27,500:INFO:JSON güncellendi: 'json_data/TUR_VIIRS_SNPP_NRT.json'
2026-10-01 10:31:27,510:INFO:SQLite güncellendi: 'sqlite_data/TUR_fire_data.db'
2026-10-01 10:31:27,697:INFO:'./available_satellites.txt' kaydedildi.
2026-10-01 17:37:17,795:INFO:API yanıtı: 200, latitude,longitude,bright_ti4,scan,track,acq_date,acq_time,satellite,instrument,confidence,version,b
2026-10-01 17:37:18,124:INFO:CSV güncellendi: 'csv_data/TUR_VIIRS_NOAA20_NRT.csv'
2026-10-01 17:37:18,125:INFO:JSON güncellendi: 'json_data/TUR_VIIRS_NOAA20_NRT.json'
2026-10-01 17:37:18,289:INFO:API yanıtı: 200, latitude,longitude,bright_ti4,scan,track,acq_date,acq_time,satellite,instrument,confidence,version,b
2026-10-01 17:37:18,637:INFO:CSV güncellendi: 'csv_data/TUR_VIIRS_NOAA21_NRT.csv'
2026-10-01 17:37:18,641:INFO:JSON güncellendi: 'json_data/TUR_VIIRS_NOAA21_NRT.json'
2026-10-01 17:37:18,758:INFO:API yanıtı: 200, latitude,longitude,bright_ti4,scan,track,acq_date,acq_time,satellite,instrument,confidence,version,b
2026-10-01 17:37:19,056:INFO:CSV güncellendi: 'csv_data/TUR_VIIRS_SNPP_NRT.csv'
2026-10-01 17:37:19,058:INFO:JSON güncellendi: 'json_data/TUR_VIIRS_SNPP_NRT.json'
2026-10-01 17:37:19,067:INFO:SQLite güncellendi: 'sqlite_data/TUR_fire_data.db'
2026-10-01 17:37:19,284:INFO:'./available_satellites.txt' zaten güncel.
2026-10-01 23:31:28,641:INFO:API yanıtı: 200, latitude,longitude,bright_ti4,scan,track,acq_date,acq_time,satellite,instrument,confidence,version,b
2026-10-01 23:31:28,972:INFO:CSV güncellendi: 'csv_data/TUR_VIIRS_NOAA20_NRT.csv'
2026-10-01 23:31:28,973:INFO:JSON güncellendi: 'json_data/TUR_VIIRS_NOAA20_NRT.json'
2026-10-01 23:31:29,129:INFO:API yanıtı: 200, latitude,longitude,bright_ti4,scan,track,acq_date,acq_time,satellite,instrument,confidence,version,b
2026-10-01 23:31:29,423:INFO:CSV güncellendi: 'csv_data/TUR_VIIRS_NOAA21_NRT.csv'
2026-10-01 23:31:29,424:INFO:JSON güncellendi: 'json_data/TUR_VIIRS_NOAA21_NRT.json'
2026-10-01 23:31:29,565:INFO:API yanıtı: 200, latitude,longitude,bright_ti4,scan,track,acq_date,acq_time,satellite,instrument,confidence,version,b
2026-10-01 23:31:29,858:INFO:CSV güncellendi: 'csv_data/TUR_VIIRS_SNPP_NRT.csv'
2026-10-01 23:31:29,860:INFO:JSON güncellendi: 'json_data/TUR_VIIRS_SNPP_NRT.json'
2026-10-01 23:31:29,866:INFO:SQLite güncellendi: 'sqlite_data/TUR_fire_data.db'
2026-10-01 23:31:30,071:INFO:'./available_satellites.txt' zaten güncel.
2026-10-02 02:52:14,875:INFO:API yanıtı: 200, latitude,longitude,bright_ti4,scan,track,acq_date,acq_time,satellite,instrument,confidence,version,b
2026-10-02 02:52:15,218:INFO:CSV güncellendi: 'csv_data/TUR_VIIRS_NOAA20_NRT.csv'
2026-10-02 02:52:15,219:INFO:JSON güncellendi: 'json_data/TUR_VIIRS_NOAA20_NRT.json'
2026-10-02 02:52:15,563:INFO:API yanıtı: 200, latitude,longitude,bright_ti4,scan,track,acq_date,acq_time,satellite,instrument,confidence,version,b
2026-10-02 02:52:15,860:INFO:CSV güncellendi: 'csv_data/TUR_VIIRS_NOAA21_NRT.csv'
2026-10-02 02:52:15,861:INFO:JSON güncellendi: 'json_data/TUR_VIIRS_NOAA21_NRT.json'
2026-10-02 02:52:16,287:INFO:API yanıtı: 200, latitude,longitude,bright_ti4,scan,track,acq_date,acq_time,satellite,instrument,confidence,version,b
2026-10-02 02:52:16,580:INFO:CSV güncellendi: 'csv_data/TUR_VIIRS_SNPP_NRT.csv'
2026-10-02 02:52:16,580:INFO:JSON güncellendi: 'json_data/TUR_VIIRS_SNPP_NRT.json'
2026-10-02 02:52:16,589:INFO:SQLite güncellendi: 'sqlite_data/TUR_fire_data.db'
2026-10-02 02:52:17,005:INFO:'./available_satellites.txt' kaydedildi.
